,title,rating(y),avg_rating,lee_rating,eval_count,wish_count,cmt_count,run_time,year,0.5,1,1.5,2,2.5,3,3.5,4,4.5,5,text
0,스포트라이트,3.0,4.22683,4.0,13025.0,9796.0,2585.0,128.0,2015.0,7,10,14,83,50,1472,454,4509,4318,2108,토마스맥카시 마이클키튼 마크러팔로 레이첼맥아담스 15세관람가 드라마 미국
1,찌라시 : 위험한 소문,2.0,2.99629,,58122.0,3166.0,965.0,121.0,2013.0,1312,2238,2150,6749,6597,9397,16842,1367,9011,2459,김광식 김강우 정진영 박성웅 15세관람가 드라마 한국
2,비포 미드나잇,4.0,3.90119,,66296.0,33565.0,1539.0,108.0,2013.0,228,316,956,1513,2367,7526,9953,7289,21200,14948,리처드링클레이터 에단호크 줄리델피 시머스데이비피츠패트릭 청소년관람불가 로맨스 멜로 미국
3,더 웹툰: 예고살인,2.0,2.62241,,67031.0,1079.0,712.0,104.0,2013.0,3615,4063,5424,8133,11525,6501,17566,765,7099,2340,김용균 이시영 엄기준 문가영 15세관람가 공포 한국
4,트랜센던스,3.0,3.31175,,68174.0,9510.0,2439.0,119.0,2014.0,787,1612,1329,6635,5251,13675,15493,4620,14473,4299,월리피스터 조니뎁 레베카홀 모건프리먼 12세관람가 SF 미국 영국
5,인간중독,2.0,2.27068,,71711.0,1780.0,1801.0,132.0,2014.0,6464,7653,7810,9750,15110,5136,13452,717,3879,1740,김대우 송승헌 임지연 온주완 청소년관람불가 드라마 한국
6,헝거게임: 모킹제이,2.0,3.52048,,74705.0,7661.0,2829.0,123.0,2014.0,627,994,895,5484,3262,16857,15539,5451,17810,7786,프란시스로렌스 제니퍼로렌스 리암헴스워스 조쉬허처슨 15세관람가 판타지 미국
7,인턴,3.0,3.90317,,74444.0,10389.0,7696.0,121.0,2015.0,68,215,134,2333,892,16408,8537,13171,23202,9484,낸시마이어스 로버트드니로 앤해서웨이 르네루소 12세관람가 코미디 미국
8,뷰티 인사이드,2.0,3.61165,,78615.0,6108.0,7895.0,127.0,2015.0,294,764,475,5541,2612,19241,13621,8633,20943,6491,백종열 이현우 한효주 김대명 12세관람가 로맨스 멜로 한국
9,검은 사제들,4.0,3.60711,,79275.0,4026.0,7954.0,108.0,2015.0,268,495,398,4124,1916,23240,14162,7177,23118,4377,장재현 김윤석 강동원 박소담 15세관람가 스릴러 한국
10,내부자들,4.0,3.86041,,81082.0,5085.0,8404.0,130.0,2015.0,159,280,244,2816,1133,17798,9406,13980,26694,8572,우민호 이병헌 조승우 백윤식 청소년관람불가 범죄 한국
11,사일런트 힐,3.0,3.34497,,83358.0,5629.0,841.0,124.0,2006.0,833,1109,3363,3894,8095,9721,22115,3029,22544,8655,크리스토프갱스 라다미첼 로리홀든 숀빈 청소년관람불가 공포 캐나다 일본 미국 프랑스
12,마션,3.0,4.01025,4.0,93331.0,8067.0,10234.0,142.0,2015.0,69,186,141,1441,691,17710,6399,20209,35774,10711,리들리스콧 맷데이먼 제시카차스테인 제프다니엘스 12세관람가 SF 미국
13,시간 여행자의 아내,3.0,3.66282,,96957.0,21133.0,1044.0,107.0,2009.0,246,535,1604,3179,4844,12990,21657,6560,31673,13669,로베르트슈벤트케 에릭바나 레이첼맥아담스 알렉스페리스 12세관람가 로맨스 멜로 미국
14,군도:민란의 시대,3.0,3.14855,,102482.0,7671.0,7200.0,137.0,2014.0,1196,2669,1647,12924,7522,26156,28380,3269,16006,2713,윤종빈 하정우 강동원 이경영 15세관람가 액션 한국
15,씬 시티,3.0,3.56793,,101752.0,8883.0,1061.0,123.0,2005.0,558,782,3799,2620,8100,9690,22607,5442,31937,16217,프랭크밀러 브루스윌리스 미키루크 제시카알바 청소년관람불가 범죄 미국
16,끝까지 간다,4.0,3.86662,3.0,116851.0,6526.0,6115.0,111.0,2013.0,201,472,353,2972,1644,26814,12364,17296,42627,12108,김성훈 이선균 조진웅 신동미 15세관람가 범죄 한국
17,빅 히어로,4.0,3.95044,,119876.0,10304.0,5545.0,108.0,2014.0,403,544,543,3478,1960,21940,12859,19271,36988,21890,크리스윌리엄스 라이언포터 스콧애짓 제이미정 전체관람가 애니메이션 미국
18,루시,3.0,3.10815,,122449.0,9728.0,6180.0,90.0,2014.0,2579,4574,3428,15836,12048,23538,28387,6242,19359,6458,뤽베송 스칼렛요한슨 모건프리먼 최민식 청소년관람불가 액션 미국 프랑스
19,버킷 리스트 - 죽기 전에 꼭 하고 싶은 것들,3.0,3.94196,,127387.0,40384.0,1187.0,96.0,2007.0,254,390,1390,2259,3414,13299,20407,10470,44832,30672,롭라이너 잭니콜슨 모건프리먼 숀헤이즈 12세관람가 드라마 미국
20,킬러들의 수다,3.0,3.36549,,132497.0,5907.0,598.0,120.0,2001.0,772,1366,4549,5349,12560,14382,38527,3664,38626,12702,장진 신현준 정재영 신하균 15세관람가 코미디 한국
21,암살,4.0,3.94286,,142933.0,5514.0,10405.0,140.0,2015.0,179,434,323,3557,1445,30103,14994,26425,45653,19820,최동훈 전지현 이정재 하정우 15세관람가 액션 한국
22,베테랑,3.0,4.00765,3.0,156282.0,5621.0,12327.0,124.0,2015.0,236,414,319,2903,1417,31166,12063,31427,52650,23687,류승완 황정민 유아인 유해진 15세관람가 액션 한국
23,메이즈 러너,2.0,3.69728,,159950.0,6841.0,5961.0,113.0,2014.0,617,1414,1039,8592,4641,37161,26216,16663,44106,19501,웨스볼 딜런오브라이언 토마스생스터 윌폴터 12세관람가 액션 미국
24,디 워,1.0,1.98421,,267408.0,484.0,2215.0,90.0,2007.0,35355,14910,65926,16272,56686,8712,46132,1406,14679,7330,심형래 제이슨베어 아만다브룩스 크레이그로빈슨 12세관람가 판타지 한국
25,건축학개론,3.0,3.58254,,636441.0,6750.0,3231.0,118.0,2012.0,3472,5626,14338,21799,43984,61959,159911,22984,199358,103010,이용주 엄태웅 한가인 이제훈 12세관람가 로맨스 멜로 한국
26,어거스트 러쉬,3.0,3.94234,,450272.0,13246.0,1565.0,113.0,2007.0,1275,1918,5987,8455,16750,36516,74932,28263,149635,126541,커스틴쉐리단 프레디하이모어 조나단리스마이어스 케리러셀 전체관람가 드라마 미국
27,브루스 올마이티,3.0,3.79117,,314274.0,9659.0,1323.0,100.0,2003.0,620,1089,3393,6469,10671,35734,64547,16868,120436,54447,톰새디악 짐캐리 모건프리먼 제니퍼애니스턴 12세관람가 코미디 미국
28,"색, 계",4.0,3.55195,,178290.0,9805.0,1245.0,157.0,2007.0,978,1517,5044,5093,13926,18714,43671,9587,53611,26149,이안 양조위 탕웨이 왕리홍 청소년관람불가 로맨스 멜로 미국 중국 대만 홍콩
29,펄프 픽션,3.0,3.93998,,65199.0,17580.0,1466.0,154.0,1994.0,113,158,1300,720,2506,5159,9866,6283,22912,16182,쿠엔틴타란티노 존트라볼타 사무엘L잭슨 우마서먼 청소년관람불가 범죄 미국
30,신세계,3.0,4.21741,,561470.0,15862.0,4473.0,134.0,2012.0,1129,1351,4842,5813,10312,37680,54387,53312,172892,219752,박훈정 황정민 최민식 이정재 청소년관람불가 범죄 한국
31,겨울왕국,4.0,3.90408,,528793.0,6676.0,7410.0,108.0,2013.0,2335,3642,5138,16751,16586,66545,84239,42376,155143,136038,크리스벅 박지윤 소연 크리스틴벨 전체관람가 애니메이션 미국
32,킥 애스: 영웅의 탄생,4.0,3.48115,,135240.0,6717.0,1691.0,117.0,2010.0,1174,1428,6350,4390,11298,14845,28940,6265,41614,18936,매튜본 애런존슨 클로이모레츠 니콜라스케이지 청소년관람불가 판타지 미국 영국
33,"아이, 로봇",4.0,3.6504,,295989.0,5242.0,880.0,110.0,2004.0,587,1225,3425,7369,14084,34126,77168,11900,106702,39403,알렉스프로야스 윌스미스 브리짓모나한 브루스그린우드 12세관람가 SF 미국
34,킹콩,4.0,3.43914,,280720.0,2553.0,929.0,186.0,2005.0,1127,2290,7440,9489,24224,27966,85256,8570,82203,32155,피터잭슨 나오미왓츠 잭블랙 애드리언브로디 15세관람가 판타지 뉴질랜드 미국
35,아바타,4.0,3.96304,,667532.0,4178.0,3078.0,162.0,2009.0,2285,3107,10057,11372,26109,49937,106607,47304,212636,198118,제임스카메론 샘워싱턴 조샐다나 시고니위버 12세관람가 SF 미국
36,노트북,4.0,4.01638,,275127.0,35005.0,2430.0,123.0,2004.0,758,1046,4492,4240,9990,20103,40417,20530,83723,89828,닉카사베츠 라이언고슬링 레이첼맥아담스 제임스마스던 15세관람가 로맨스 멜로 미국
37,명량,3.0,3.68229,,299663.0,7434.0,10269.0,128.0,2014.0,3522,4778,4398,17958,13293,51974,48078,33657,69187,52818,김한민 최민식 류승룡 조진웅 15세관람가 액션 한국
38,데드풀,3.0,3.78549,3.0,45252.0,9342.0,6013.0,106.0,2016.0,142,218,174,1517,736,12081,5700,6450,14461,3773,팀밀러 라이언레이놀즈 모레나바카린 에드스크레인 청소년관람불가 액션 미국
39,키리시마가 동아리활동 그만둔대,4.0,3.64451,4.0,8465.0,6900.0,945.0,103.0,2013.0,59,80,243,330,355,1738,1142,1215,2571,732,요시다다이하치 카미키류노스케 하시모토아이 오고스즈카 15세관람가 드라마 일본
40,비포 선라이즈,4.0,4.03776,,149589.0,29655.0,2247.0,100.0,1995.0,412,489,3055,1758,5108,10359,19684,12853,47092,48779,리처드링클레이터 에단호크 줄리델피 안드레아에커트 15세관람가 로맨스 멜로 오스트리아 미국
41,초속 5센티미터,5.0,3.69382,,112045.0,14999.0,1655.0,62.0,2007.0,737,1014,3258,3367,7007,11377,21699,7024,33027,23535,신카이마코토 미즈하시켄지 하나무라사토미 전체관람가 애니메이션 일본
42,나를 찾아줘,3.0,3.9742,,135876.0,19361.0,9132.0,145.0,2014.0,432,566,682,2951,2110,22818,10930,29609,48228,17550,데이빗핀처 벤애플렉 로자먼드파이크 닐패트릭해리스 청소년관람불가 스릴러 미국
43,미드나잇 인 파리,4.0,3.90653,,174743.0,36521.0,3652.0,94.0,2011.0,540,755,2954,3172,6454,18714,25473,18028,58835,39818,우디앨런 오웬윌슨 마리옹꼬띠아르 레이첼맥아담스 15세관람가 로맨틱 코미디 미국 스페인
44,그랜드 부다페스트 호텔,5.0,4.01767,4.0,170189.0,31085.0,6945.0,100.0,2014.0,718,935,1270,3827,3370,23133,16429,31862,52551,36094,웨스앤더슨 랄프파인즈 토니레볼로리 에드워드노튼 청소년관람불가 드라마 미국 독일 영국
45,매드 맥스: 분노의 도로,4.0,4.04374,,197228.0,8501.0,12132.0,120.0,2015.0,1490,1349,2309,4766,4364,24116,16571,40299,53565,48399,조지밀러 톰하디 샤를리즈테론 니콜라스홀트 15세관람가 액션 오스트레일리아 미국
46,엣지 오브 투모로우,3.0,3.96296,,225267.0,10714.0,6440.0,113.0,2014.0,502,941,1003,5231,3334,40654,22810,37065,75987,37740,더그라이만 톰크루즈 에밀리블런트 샤롯라일리 12세관람가 액션 미국
47,쥬라기 공원,4.0,3.87411,,188541.0,2363.0,962.0,123.0,1993.0,461,649,3089,2662,7525,14736,35468,10963,67778,45210,스티븐스필버그 샘닐 로라던 제프골드브럼 12세관람가 SF 미국
48,엑스맨: 데이즈 오브 퓨처 패스트,4.0,4.03755,4.0,202434.0,8062.0,4601.0,134.0,2014.0,547,721,946,4252,2902,28999,20105,31665,67366,44931,브라이언싱어 휴잭맨 제임스맥어보이 마이클패스벤더 12세관람가 액션 미국
49,노인을 위한 나라는 없다,4.0,3.91386,,126654.0,31862.0,2657.0,122.0,2007.0,459,523,3318,1799,6086,9158,18620,12849,40236,33606,조엘코엔 하비에르바르뎀 토미리존스 조슈브롤린 청소년관람불가 스릴러 미국
50,킹스맨 : 시크릿 에이전트,4.0,4.16182,,288696.0,10265.0,14247.0,128.0,2015.0,802,944,1311,4985,3316,35876,19027,62282,84490,75663,매튜본 태론에거튼 콜린퍼스 사무엘L잭슨 청소년관람불가 액션 미국 영국
51,인터스텔라,4.0,4.31023,,345271.0,11782.0,15881.0,169.0,2014.0,1098,1238,1756,5013,3820,31615,19628,71713,75827,133563,크리스토퍼놀란 매튜맥커너히 앤해서웨이 제시카차스테인 12세관람가 SF 미국 영국
52,위플래쉬,4.0,4.11632,,165181.0,21200.0,12593.0,106.0,2014.0,972,970,1628,3575,3185,19378,12791,36567,40930,45185,다미엔차젤레 마일즈텔러 JK시몬스 폴레이저 15세관람가 드라마 미국
53,비긴 어게인,4.0,4.07171,,332273.0,16980.0,11078.0,104.0,2013.0,1367,1630,2511,8061,5788,44802,31808,58274,89955,88077,존카니 키이라나이틀리 마크러팔로 애덤리바인 15세관람가 드라마 미국
54,이미테이션 게임,4.0,3.8334,,161022.0,16670.0,6616.0,114.0,2014.0,641,855,1311,4960,3356,34024,20294,24067,50880,20634,모튼틸덤 베네딕트컴버배치 키이라나이틀리 매튜구드 15세관람가 드라마 미국 영국
55,그녀,4.0,4.00045,4.0,176084.0,34142.0,8377.0,126.0,2013.0,960,1141,1884,4404,4066,24186,16686,32808,51203,38746,스파이크존즈 호아킨피닉스 스칼렛요한슨 에이미아담스 청소년관람불가 드라마 미국
56,누구나 비밀은 있다,2.0,2.524,,40000.0,459.0,258.0,105.0,2004.0,1406,2508,3325,4953,8986,3143,11697,208,3095,679,장현수 이병헌 최지우 추상미 청소년관람불가 로맨틱 코미디 한국
57,글루미 썬데이,4.0,3.70622,,28381.0,9412.0,353.0,112.0,1999.0,73,134,438,736,1298,3735,6086,1959,9685,4237,롤프슈벨 조아킴크롤 스테파노디오니시 벤벡커 청소년관람불가 로맨스 멜로 독일 헝가리
58,공공의 적,3.0,3.78622,,228114.0,4925.0,642.0,138.0,2002.0,594,954,3673,4096,9600,20345,48171,9113,85783,45785,강우석 설경구 이성재 강신일 청소년관람불가 스릴러 한국
59,40살까지 못해본 남자,2.0,3.12257,,15819.0,2588.0,199.0,115.0,2005.0,142,252,660,1134,1783,2139,5326,265,3367,751,주드아패토우 스티브카렐 캐서린키너 폴러드 청소년관람불가 코미디 미국
60,아메리칸 뷰티,4.0,3.76219,4.0,76360.0,20500.0,1051.0,122.0,1999.0,175,321,1410,1277,3467,7609,15470,6124,27989,12518,샘멘데스 케빈스페이시 아네트베닝 미나수바리 청소년관람불가 드라마 미국
61,8 마일,3.0,3.67604,,114857.0,7150.0,986.0,110.0,2002.0,389,627,2083,3056,5370,14647,25900,6328,39126,17331,커티스핸슨 에미넴 킴베신저 브리터니머피 청소년관람불가 드라마 미국
62,에이트 빌로우,2.0,3.77096,,40949.0,3862.0,347.0,120.0,2006.0,100,178,555,893,1481,5116,8305,2809,14661,6851,프랭크마샬 폴워커 브루스그린우드 문블러드굿 전체관람가 드라마 미국
63,로맨틱 아일랜드,1.0,2.46445,,10224.0,718.0,67.0,107.0,2008.0,424,655,1267,979,2360,520,2689,57,945,328,강철우 이선균 이수경 이문식 15세관람가 로맨틱 코미디 한국
64,황산벌,1.0,3.00628,4.0,175495.0,1148.0,588.0,104.0,2003.0,2677,3934,11759,10756,26234,16747,54950,2742,35051,10645,이준익 박중훈 정진영 이문식 15세관람가 코미디 한국
65,생활의 발견,2.0,3.25486,,24305.0,2220.0,261.0,115.0,2002.0,185,351,1015,1139,2663,3157,6969,764,6405,1657,홍상수 김상경 추상미 예지원 청소년관람불가 로맨스 멜로 한국
66,맨발의 꿈,2.0,3.32487,3.0,24013.0,996.0,172.0,121.0,2010.0,175,324,695,1346,2004,3247,7365,725,6190,1942,김태균 박희순 고창석 프란시스코프렌큐아마랄 전체관람가 드라마 한국 일본
67,"그 시절, 우리가 좋아했던 소녀",2.0,3.98496,,210095.0,25167.0,3953.0,107.0,2011.0,820,1245,3010,5197,7081,22583,27173,22404,59542,61041,구파도 가진동 진연희 언승우 15세관람가 로맨스 멜로 대만
68,박수건달,1.0,2.96825,,233706.0,2061.0,842.0,127.0,2012.0,5160,6439,17861,15801,35861,19361,67644,3617,44354,17608,조진규 박신양 정혜영 김정태 15세관람가 코미디 한국
69,꽃보다 남자,2.0,2.78668,,36797.0,484.0,159.0,130.0,2008.0,1528,1606,3324,3025,6125,2810,9986,502,5288,2603,이시이야스하루 아베츠요시 이노우에마오 마츠모토준 12세관람가 로맨스 멜로 일본
70,어메이징 스파이더맨 2,3.0,3.58656,,186029.0,4882.0,3758.0,142.0,2014.0,1210,2327,2123,11206,8699,34900,38915,12465,50366,23818,마크웹 앤드류가필드 엠마스톤 제이미폭스 12세관람가 액션 미국
71,무간도 3 - 종극무간,5.0,3.73584,,34346.0,2529.0,279.0,117.0,2003.0,121,176,779,840,1895,3462,7213,1953,10762,7145,맥조휘 유덕화 양조위 여명 15세관람가 범죄 홍콩
72,해롤드와 쿠마,3.0,3.46281,,14818.0,2116.0,226.0,87.0,2004.0,101,176,507,622,1203,1853,3522,614,4387,1833,대니레이너 존조 칼펜 폴라가시스 청소년관람불가 코미디 미국 캐나다
73,나 홀로 집에 3,3.0,3.27461,,175265.0,916.0,707.0,102.0,1997.0,2520,4330,6206,12737,17921,20903,46014,5553,39197,19884,라자고스넬 레니본돌렌 마리안셀즈 리아킬스테트 전체관람가 코미디 미국
74,해결사,2.0,2.82631,,35242.0,929.0,190.0,100.0,2010.0,511,1067,2464,3047,6518,2851,12120,297,4883,1484,권혁재 설경구 이정진 오달수 15세관람가 액션 한국
75,렛 미 인,4.0,3.46239,,55614.0,8694.0,761.0,116.0,2010.0,357,606,1429,2595,3980,8084,14048,2660,16067,5788,맷리브스 클로이모레츠 코디스밋맥피 리차드젠킨스 15세관람가 공포 영국 미국
76,내가 널 사랑할 수 없는 10가지 이유,3.0,3.85055,,51157.0,15118.0,1006.0,97.0,1999.0,112,201,632,1115,1676,6440,9097,4110,17346,10428,길정거 히스레저 수잔메이플랫 줄리아스타일즈 12세관람가 로맨틱 코미디 미국
77,즐거운 인생,2.0,3.15776,,47813.0,1106.0,314.0,112.0,2007.0,345,812,1751,3366,5533,5635,16086,1008,10586,2691,이준익 정진영 김윤석 장근석 전체관람가 드라마 한국
78,사탄의 인형,3.0,3.18125,,86266.0,702.0,514.0,87.0,1988.0,2249,1735,4493,4429,8351,11688,23368,2491,21119,6343,톰홀랜드 캐서린힉스 크리스서랜던 알렉스빈센트 15세관람가 공포 미국
79,무간도 2 - 혼돈의 시대,5.0,3.73762,,42968.0,3030.0,325.0,103.0,2003.0,131,197,1132,872,2434,4105,8658,2458,14252,8729,유위강 황추생 증지위 유가령 15세관람가 범죄 홍콩
80,원초적 본능,4.0,3.48095,,49078.0,5140.0,376.0,123.0,1992.0,147,339,1071,1467,3562,6110,14207,1703,15625,4847,폴버호벤 마이클더글라스 샤론스톤 조지던자 청소년관람불가 스릴러 미국
81,행오버 2,3.0,3.34124,,56110.0,3295.0,446.0,102.0,2011.0,488,874,1760,3479,5465,6671,15243,1583,14433,6114,토드필립스 브래들리쿠퍼 에드헬름스 자흐갈리피아나키스 청소년관람불가 코미디 미국
82,구르믈 버서난 달처럼,3.0,3.05825,,74057.0,2808.0,590.0,111.0,2010.0,937,1844,2768,6761,9599,9204,24015,1487,13837,3606,이준익 차승원 한지혜 백성현 15세관람가 드라마 한국
83,순정만화,2.0,2.91054,,62482.0,1325.0,444.0,113.0,2008.0,1091,2025,3897,5504,10371,5774,19465,1002,10019,3334,류장하 박혜진 김해자 손지효 12세관람가 로맨틱 코미디 한국
84,용서받지 못한 자,3.0,3.59378,,57372.0,6038.0,852.0,121.0,2005.0,249,356,1359,1403,3352,8042,12624,3585,20221,6181,윤종빈 하정우 서장원 윤종빈 15세관람가 드라마 한국
85,용의자,1.0,3.31001,,113276.0,4123.0,1840.0,137.0,2013.0,1234,2263,2714,8874,9511,17918,30599,4057,26290,9816,원신연 공유 박희순 조성하 15세관람가 액션 한국
86,더 리더 - 책 읽어주는 남자,3.0,3.64524,,71552.0,17666.0,986.0,123.0,2008.0,200,408,1454,1913,4107,9416,15844,5030,23360,9820,스티븐달드리 랄프파인즈 자넷헤인 데이빗크로스 청소년관람불가 로맨스 멜로 미국 독일
87,행운을 돌려줘,3.0,3.31421,,69624.0,4270.0,404.0,102.0,2006.0,300,885,2007,3944,6158,8855,22162,1543,18206,5564,도날드페트리 린제이로한 크리스파인 페이즌러브 12세관람가 로맨틱 코미디 미국
88,서양골동양과자점 앤티크,2.0,2.81486,3.0,117293.0,2122.0,655.0,109.0,2008.0,3513,4993,7599,12307,18488,12985,34673,1704,16685,4346,민규동 주지훈 유아인 김재욱 15세관람가 드라마 한국
89,시실리 2km,3.0,2.78675,,98890.0,622.0,424.0,109.0,2004.0,2853,3938,7749,8310,17666,10123,28275,1358,15074,3544,신정원 임창정 권오중 임은경 15세관람가 코미디 한국
90,착신아리,1.0,2.57139,,80766.0,562.0,398.0,112.0,2003.0,3665,3002,11234,5759,15653,5722,21913,807,9998,3013,미이케다카시 시바사키코우 츠츠미신이치 후키이시카즈에 12세관람가 공포 일본
91,화산고,1.0,2.42466,,128100.0,380.0,675.0,121.0,2001.0,7536,7724,15841,12931,27679,9232,32547,887,10862,2861,김태균 장혁 신민아 허준호 12세관람가 액션 한국
92,오션스 트웰브,2.0,3.64181,,92122.0,5650.0,394.0,125.0,2004.0,262,609,1063,3440,4384,12537,22105,3941,30841,12940,스티븐소더버그 돈치들 베니맥 조지클루니 12세관람가 액션 미국 오스트레일리아
93,차우,2.0,2.52071,,98199.0,448.0,587.0,121.0,2009.0,4004,5145,10807,9601,21843,6661,27555,665,9302,2616,신정원 엄태웅 정유미 장항선 12세관람가 스릴러 한국
94,색즉시공 시즌 2,1.0,2.4344,,86102.0,382.0,290.0,115.0,2007.0,4575,4548,13352,6062,19742,4089,20890,583,8419,3842,윤태윤 임창정 송지효 신이 청소년관람불가 코미디 한국
95,남자사용설명서,2.0,2.87442,,113197.0,3591.0,1474.0,116.0,2012.0,3981,4079,9899,8306,16481,13403,28574,2518,20210,5746,이원석 김준성 이시영 오정세 15세관람가 코미디 한국
96,흡혈형사 나도열,1.0,2.17266,,63642.0,129.0,395.0,110.0,2006.0,2897,3369,12791,4112,19100,1645,15099,98,3670,861,이시명 김수로 조여정 천호진 12세관람가 코미디 한국
97,블러드 다이아몬드,2.0,3.72187,,79676.0,11815.0,707.0,142.0,2006.0,130,282,1200,1556,3465,9366,17415,5277,29659,11326,에드워드즈윅 레오나르도디카프리오 제니퍼코넬리 자이몬훈수 청소년관람불가 액션 미국 독일
98,우리 형,2.0,3.32089,,116485.0,2997.0,380.0,112.0,2004.0,605,1472,2193,7114,9564,16011,38692,3275,29435,8124,안권태 원빈 신하균 김해숙 15세관람가 드라마 한국
99,주먹이 운다,3.0,3.46737,,89884.0,4603.0,613.0,134.0,2005.0,371,712,1850,3449,6207,11705,26500,3378,26676,9036,류승완 최민식 류승범 기주봉 15세관람가 드라마 한국
100,장고:분노의 추적자,4.0,3.80887,4.0,102247.0,22738.0,2703.0,165.0,2012.0,384,581,1958,2205,4812,11003,16705,11665,34557,18377,쿠엔틴타란티노 제이미폭스 레오나르도디카프리오 크리스토프왈츠 청소년관람불가 액션 미국
101,킹콩을 들다,3.0,3.21284,,95130.0,1158.0,328.0,120.0,2009.0,840,1516,3699,5629,10502,10706,30305,2238,22771,6924,박건용 이범수 조안 이윤회 전체관람가 코미디 한국
102,천녀유혼,4.0,3.84526,,87674.0,3424.0,429.0,98.0,1987.0,203,313,1605,1296,3329,7930,16202,4653,32979,19164,정소동 장국영 왕조현 우마 15세관람가 판타지 홍콩
103,홀리데이,1.0,3.31544,,82905.0,2538.0,353.0,120.0,2005.0,435,884,3537,3411,9239,7132,25210,2176,21991,8890,양윤호 최민수 이성재 김동현 청소년관람불가 범죄 한국
104,비포 선셋,4.0,3.95738,4.0,108052.0,29458.0,1330.0,79.0,2004.0,357,380,2110,1619,3846,9239,15892,9682,35230,29697,리처드링클레이터 에단호크 줄리델피 마리안느플라스테그 15세관람가 로맨스 멜로 미국
105,머니볼,3.0,3.74997,4.0,114191.0,15399.0,1770.0,132.0,2011.0,449,515,2208,2327,4639,13793,21084,9295,42889,16992,베넷밀러 브래드피트 필립세이모어호프만 케리스도시 12세관람가 드라마 미국
106,스타쉽 트루퍼스,4.0,3.58555,,97401.0,1683.0,642.0,129.0,1997.0,351,675,2364,2784,6324,10703,23987,4060,32368,13785,폴버호벤 데니스리차드 캐스퍼반디엔 디나메이어 청소년관람불가 SF 미국
107,사생결단,3.0,3.53615,,87959.0,3494.0,366.0,117.0,2006.0,314,506,2383,2363,5948,9071,23790,2627,29805,11152,최호 황정민 류승범 추자현 청소년관람불가 범죄 한국
108,토탈 리콜,4.0,3.36722,,117431.0,7328.0,775.0,118.0,2012.0,805,1495,3458,6086,10663,14334,33045,3676,32439,11430,렌와이즈먼 콜린파렐 케이트베킨세일 제시카비엘 15세관람가 SF 미국 캐나다
109,님은 먼곳에,2.0,3.04446,,116814.0,1989.0,368.0,126.0,2008.0,1061,2209,5288,7917,16748,12279,41670,1720,22080,5842,이준익 수애 정진영 정경호 15세관람가 드라마 한국
110,위대한 개츠비,4.0,3.72026,,190124.0,31434.0,3389.0,141.0,2013.0,668,1221,2413,7143,7999,28262,37369,15535,59583,29931,바즈루어만 레오나르도디카프리오 캐리멀리건 조엘에저튼 15세관람가 드라마 미국 오스트레일리아
111,지구를 지켜라!,3.0,3.40216,,120247.0,10781.0,1631.0,117.0,2003.0,1654,1569,8068,3827,12058,10957,23823,7504,33385,17402,장준환 신하균 백윤식 기주봉 청소년관람불가 스릴러 한국
112,쥬라기 공원 2 - 잃어버린 세계,4.0,3.62094,,138640.0,1832.0,425.0,134.0,1997.0,426,940,2089,4378,7964,16099,35197,5358,45553,20636,스티븐스필버그 제프골드브럼 줄리안무어 피트포스틀스웨이트 전체관람가 SF 미국
113,에반 올마이티,3.0,3.36074,,133018.0,2659.0,490.0,95.0,2007.0,615,1533,3373,7223,11772,15970,40825,3364,35767,12576,톰새디악 스티브카렐 모건프리먼 조나힐 전체관람가 코미디 미국
114,복면 달호,1.0,2.89311,,142638.0,475.0,369.0,114.0,2007.0,2209,3785,9344,10932,23672,12812,49232,1459,23126,6068,김현수 차태현 임채무 이소연 12세관람가 코미디 한국
115,쏘우 2,2.0,3.19572,,135184.0,1152.0,474.0,92.0,2005.0,3482,2071,10528,5646,14700,12293,34273,3585,31879,16727,대런린보우즈만 토빈벨 샤니스미스 도니월버그 청소년관람불가 공포 미국
116,용의자 X의 헌신,2.0,3.46146,,127241.0,5715.0,659.0,128.0,2008.0,741,1134,4484,4712,10343,13838,33013,4844,38535,15597,니시타니히로시 후쿠야마마사하루 시바사키코우 츠츠미신이치 12세관람가 스릴러 일본
117,코요테 어글리,2.0,3.63367,,137150.0,4918.0,441.0,100.0,2000.0,421,748,2448,3854,6761,15956,34311,4969,48126,19556,데이빗맥낼리 파이퍼페라보 애덤가르시아 마리아벨로 15세관람가 로맨틱 코미디 미국
118,프로메테우스,1.0,3.52886,,152699.0,10046.0,1834.0,123.0,2012.0,1161,1466,5623,5401,11883,17014,34081,8316,44825,22929,리들리스콧 누미라파스 마이클패스벤더 샤를리즈테론 청소년관람불가 SF 미국
119,스튜어트 리틀,3.0,3.54314,,189626.0,2907.0,463.0,82.0,1999.0,475,1083,2863,6077,10237,25520,54740,6100,62156,20375,롭민코프 지나데이비스 휴로리 조나단립니키 전체관람가 코미디 미국
120,아이스 에이지,3.0,3.59548,,197881.0,1907.0,375.0,81.0,2002.0,475,1172,2705,5895,10203,25655,54029,6643,65637,25467,크리스웻지 레이로마노 존레귀자모 데니스리어리 전체관람가 애니메이션 미국
121,행복을 찾아서,3.0,3.83216,,161087.0,12598.0,843.0,117.0,2006.0,416,670,2967,3359,7016,14372,31677,9495,52979,38136,가브리엘무치노 윌스미스 제이든스미스 제임스카렌 전체관람가 드라마 미국
122,주유소 습격사건,3.0,3.28982,,197341.0,1493.0,510.0,117.0,1999.0,1800,2743,7436,9182,20120,21334,59400,4584,53712,17030,김상진 이성재 유오성 강성진 청소년관람불가 코미디 한국
123,아마겟돈,4.0,3.84287,,186844.0,4811.0,899.0,145.0,1998.0,420,697,2250,3650,6757,18012,36152,10938,68713,39255,마이클베이 브루스윌리스 벤애플렉 리브타일러 12세관람가 SF 미국
124,유령 신부,2.0,3.54246,,213616.0,6829.0,512.0,77.0,2005.0,779,1501,4649,7082,14348,24691,57846,7590,66618,28512,팀버튼 조니뎁 헬레나본햄카터 에밀리왓슨 전체관람가 애니메이션 미국
125,쿵푸 허슬,4.0,3.57502,,213524.0,1223.0,1034.0,101.0,2004.0,1101,1761,5551,6988,14839,22866,51046,8335,68442,32595,주성치 주성치 조지릉 석행우 15세관람가 코미디 중국
126,김종욱 찾기,3.0,3.45187,,232095.0,9580.0,1262.0,112.0,2010.0,1354,2550,6826,10277,19788,25984,61824,8623,64977,29892,장유정 임수정 공유 이청아 12세관람가 로맨틱 코미디 한국
127,스텝 업,3.0,3.7541,,276610.0,8426.0,632.0,103.0,2006.0,1083,1795,4355,7602,12890,27703,60254,11814,90487,58627,앤플레쳐 채닝테이텀 제나드완 드류시도라 12세관람가 드라마 미국
128,토이 스토리 2,4.0,3.90385,,280872.0,5032.0,800.0,92.0,1999.0,535,914,2745,4504,9382,25743,52117,15961,100928,68043,존라세터 톰행크스 팀알렌 조앤쿠삭 전체관람가 애니메이션 미국
129,마스크,3.0,3.76103,,288726.0,5428.0,1052.0,97.0,1994.0,794,1262,3970,6087,11854,30730,62354,13810,105412,52453,
130,나 홀로 집에 2 - 뉴욕을 헤매다,4.0,3.84159,,357583.0,1589.0,1047.0,115.0,1992.0,851,1642,3731,8242,13347,37281,70299,18113,123546,80531,크리스콜럼버스 맥컬리컬킨 조페시 다니엘스턴 전체관람가 코미디 미국
131,라이온 킹,3.0,4.09618,,328892.0,6738.0,1398.0,89.0,1994.0,551,756,2783,3533,7091,23204,44202,24705,115418,106649,로저알러스 김선우 오승윤 장세준 전체관람가 애니메이션 미국
132,쿵푸팬더 2,1.0,3.56948,,316168.0,2674.0,791.0,91.0,2011.0,970,2323,5828,10638,22149,32115,86933,8999,96816,49397,여인영 잭블랙 더스틴호프만 성룡 전체관람가 애니메이션 미국
133,라따뚜이,2.0,3.90903,,361209.0,8274.0,1645.0,115.0,2007.0,671,1246,3488,6103,10714,36582,63177,23233,132362,83633,브래드버드 패튼오스왈트 루로마노 이안홈 전체관람가 애니메이션 미국
134,슈렉,2.0,3.77229,,404948.0,1493.0,877.0,90.0,2001.0,812,1589,3983,8131,14046,45216,88537,18269,155592,68773,빅키젠슨 장광 마이크마이어스 에디머피 전체관람가 애니메이션 미국
135,캡틴 아메리카: 윈터 솔져,4.0,3.90476,,229946.0,10133.0,4254.0,136.0,2014.0,866,1317,1674,6316,5280,36601,30361,26625,76109,44797,안소니루소 크리스에반스 스칼렛요한슨 사무엘L잭슨 15세관람가 액션 미국
136,피아니스트,4.0,4.14627,,224402.0,30952.0,1701.0,148.0,2002.0,428,445,2482,1936,5021,13886,25225,22542,75697,76740,로만폴란스키 애드리언브로디 토머스크레취만 에드스톱파드 12세관람가 드라마 프랑스 독일 폴란드 영국 네덜란드
137,하녀,3.0,2.90579,,222417.0,2817.0,964.0,106.0,2010.0,3093,5979,13671,17565,38591,21984,74076,3173,33971,10314,임상수 전도연 이정재 윤여정 청소년관람불가 스릴러 한국
138,퍼시픽 림,1.0,3.23299,,150186.0,5959.0,2865.0,131.0,2013.0,2783,3423,6730,9856,16050,18456,38329,5103,34288,15168,길예르모델토로 키쿠치린코 찰리헌냄 론펄먼 12세관람가 SF 미국
139,월드워Z,2.0,3.67118,,314712.0,9606.0,3458.0,115.0,2013.0,1394,2315,4237,11214,14563,44917,67082,18499,104420,46071,마크포스터 브래드피트 미레일에노스 다니엘라케르테스 15세관람가 SF 미국
140,감시자들,2.0,3.52199,,294764.0,6601.0,2435.0,119.0,2013.0,1430,3194,4079,15516,15924,47596,75131,12406,87296,32192,조의석 설경구 정우성 한효주 15세관람가 액션 한국
141,더 테러 라이브,3.0,3.56791,,400527.0,7870.0,4016.0,97.0,2013.0,2014,3518,6553,16634,22514,58562,95649,19290,128247,47546,김병우 하정우 이경영 전혜진 15세관람가 스릴러 한국
142,은밀하게 위대하게,2.0,3.25676,,482992.0,4293.0,3248.0,123.0,2013.0,10821,12915,23200,32443,51857,49604,117247,14406,102370,68129,장철수 김수현 박기웅 이현우 15세관람가 액션 한국
143,관상,4.0,3.65164,,492065.0,10601.0,3834.0,139.0,2013.0,1993,4218,5647,21120,21956,72175,108878,28348,158930,68800,한재림 송강호 이정재 백윤식 15세관람가 드라마 한국
144,옹박 - 무에타이의 후예,2.0,3.19149,,109104.0,506.0,346.0,100.0,2003.0,963,1590,5416,5217,13293,10565,35225,1933,25607,9295,프라챠핀카엡 토니자 춤폰테피탁 렁그라위바이진다쿨 15세관람가 액션 태국
145,그래비티,5.0,3.97311,5.0,339236.0,26815.0,7847.0,90.0,2013.0,2196,2364,5965,7266,12637,31288,44082,39484,95696,98258,알폰소쿠아론 산드라블록 조지클루니 오르토이그나티우센 12세관람가 SF 미국 영국
146,변호인,4.0,4.20167,,525890.0,14524.0,5646.0,127.0,2013.0,2733,1546,4781,7081,7381,45914,46054,60480,152660,197260,양우석 송강호 오달수 곽도원 15세관람가 드라마 한국
147,월터의 상상은 현실이 된다,5.0,3.77627,,165914.0,29303.0,5223.0,114.0,2013.0,1154,1674,2360,6383,6488,25553,25493,18837,48599,29373,벤스틸러 숀펜 벤스틸러 크리스튼위그 12세관람가 드라마 미국
148,플랜맨,3.0,2.98593,,68780.0,3181.0,1456.0,115.0,2013.0,1684,2903,3149,7816,8278,10324,18165,1883,11070,3508,성시흡 정재영 한지민 장광 15세관람가 코미디 한국
149,사이드 이펙트,4.0,3.28288,,12413.0,6384.0,435.0,106.0,2013.0,64,136,343,825,883,2390,3792,363,3116,501,스티븐소더버그 주드로 채닝테이텀 루니마라 청소년관람불가 스릴러 미국
150,결혼전야,3.0,3.08538,,49978.0,3793.0,805.0,118.0,2013.0,1037,1738,2188,4739,5674,6473,13525,1265,9976,3363,홍지영 김강우 김효진 옥택연 15세관람가 로맨틱 코미디 한국
151,어바웃 타임,5.0,4.2667,,449950.0,23543.0,8429.0,123.0,2013.0,875,1211,2417,5587,6228,36312,37333,59340,120601,180046,리처드커티스 도널글리슨 레이첼맥아담스 린제이던칸 15세관람가 로맨스 멜로 영국
152,집으로 가는 길,3.0,3.63746,,59763.0,6291.0,1160.0,131.0,2013.0,397,635,912,3026,2659,10008,11839,4488,17307,8492,방은진 전도연 고수 강지우 15세관람가 드라마 한국
153,짝패,3.0,3.33946,4.0,112837.0,2132.0,688.0,92.0,2006.0,683,1084,4256,4358,11623,11143,34068,2318,31717,11587,류승완 류승완 정두홍 이범수 청소년관람불가 액션 한국
154,데자뷰,3.0,3.62249,,79049.0,7937.0,436.0,126.0,2006.0,146,298,1230,1987,4088,9132,20653,3643,28220,9652,토니스콧 덴젤워싱턴 발킬머 폴라패튼 12세관람가 SF 미국
155,똥파리,3.0,3.6646,4.0,116032.0,10848.0,972.0,130.0,2008.0,892,910,4176,2580,7409,10509,22367,7265,38338,21586,양익준 양익준 김꽃비 이환 청소년관람불가 드라마 한국
156,수상한 고객들,3.0,3.10074,,79686.0,2132.0,374.0,124.0,2011.0,710,1377,4031,4938,10915,7819,26128,1389,17453,4926,조진모 류승범 성동일 박철민 15세관람가 코미디 한국
157,디스 민즈 워,3.0,3.44805,,124991.0,7021.0,1194.0,97.0,2012.0,627,1300,3465,5814,9564,16510,32880,4826,36605,13400,맥지 톰하디 리즈위더스푼 크리스파인 15세관람가 로맨틱 코미디 미국
158,예스 맨,4.0,3.54791,,178410.0,10080.0,1008.0,104.0,2008.0,544,1158,3124,6211,10868,21236,49148,6783,58424,20914,페이튼리드 짐캐리 주이디샤넬 브래들리쿠퍼 15세관람가 코미디 미국
159,공모자들,2.0,3.36338,,181826.0,4366.0,983.0,111.0,2012.0,1759,2443,7028,8513,17793,18632,49106,5395,49502,21655,김홍선 임창정 최다니엘 오달수 청소년관람불가 범죄 한국
160,비스티 보이즈,3.0,2.90921,2.0,81513.0,3098.0,640.0,123.0,2008.0,1447,1946,7289,5035,14278,6921,23132,1381,15209,4875,윤종빈 하정우 윤계상 윤진서 청소년관람불가 범죄 한국
161,17 어게인,3.0,3.56401,,121630.0,7435.0,832.0,102.0,2009.0,508,989,2993,4540,7491,15488,29589,5432,37986,16614,
162,미스 리틀 선샤인,4.0,3.8692,,56992.0,13873.0,1114.0,102.0,2006.0,120,181,1463,803,2349,5756,8660,4872,19978,12810,조나단데이턴 스티브카렐 토니콜렛 그렉키니어 15세관람가 코미디 미국
163,눈에는 눈 이에는 이,3.0,3.09769,,71307.0,1797.0,213.0,101.0,2008.0,501,977,3489,3717,10322,5617,25816,819,15308,4741,곽경택 한석규 차승원 김지석 15세관람가 스릴러 한국
164,품행 제로,2.0,3.12293,,137917.0,2256.0,586.0,99.0,2002.0,1450,2355,6826,7675,18420,13693,44787,2218,31154,9339,조근식 류승범 임은경 공효진 15세관람가 코미디 한국
165,알.이.씨,2.0,3.36064,,81816.0,2907.0,707.0,78.0,2007.0,974,1075,4642,3202,8215,8473,18991,3116,22535,10593,하우메발라게로 마누엘라벨라스코 하비에르보텟 페란떼라사 청소년관람불가 공포 스페인
166,싸움의 기술,3.0,3.08136,,198248.0,1503.0,537.0,95.0,2005.0,2212,4257,9703,12823,28148,19001,64014,3119,42163,12808,신한솔 백윤식 재희 박기웅 15세관람가 코미디 한국
167,서유기 - 월광보합,5.0,3.9259,,63298.0,1924.0,518.0,88.0,1994.0,340,270,2858,783,3064,3704,8584,3550,18465,21680,유진위 주성치 오맹달 나가영 15세관람가 코미디 홍콩
168,킬 빌 - 2부,5.0,3.65659,,127951.0,4824.0,927.0,138.0,2004.0,655,947,3187,3371,8202,13194,27744,7054,41047,22550,쿠엔틴타란티노 우마서먼 데이빗캐러딘 대릴한나 청소년관람불가 액션 미국
169,억셉티드,4.0,3.67047,,57877.0,7270.0,885.0,90.0,2006.0,160,330,1788,1486,3347,6622,11817,3392,18903,10032,
170,13 구역,2.0,3.71408,,155295.0,6262.0,658.0,84.0,2004.0,448,743,2464,3700,7259,16871,35850,6245,54104,27611,피에르모렐 시릴라파엘리 데이빗벨 비비나세리 15세관람가 액션 프랑스
171,"장화, 홍련",5.0,3.18378,,228160.0,4192.0,1250.0,118.0,2003.0,3285,4130,13172,10743,28545,23717,62381,8282,55504,18401,김지운 임수정 문근영 염정아 12세관람가 공포 한국
172,썸머 워즈,4.0,3.64625,3.0,136954.0,11420.0,1508.0,113.0,2009.0,774,1205,3333,4789,8179,16403,28585,7102,42447,24137,호소다마모루 카미키류노스케 사쿠라바나나미 나카리이사 전체관람가 애니메이션 일본
173,첫 키스만 50번째,3.0,3.72445,,182786.0,15901.0,1211.0,99.0,2004.0,527,885,2940,4572,8498,20294,40635,9844,62362,32229,피터시걸 아담샌들러 드류베리모어 숀애스틴 15세관람가 로맨틱 코미디 미국
174,여배우들,1.0,2.69881,,138449.0,2536.0,587.0,104.0,2009.0,3234,4692,14500,10693,28075,10405,41897,1174,18731,5048,이재용 김옥빈 윤여정 이미숙 12세관람가 드라마 한국
175,복수는 나의 것,3.0,3.68706,,93311.0,12367.0,1326.0,120.0,2002.0,347,420,2791,1761,5634,8794,19640,6539,31280,16105,박찬욱 송강호 신하균 배두나 청소년관람불가 스릴러 한국
176,엑스맨,3.0,3.8104,,224275.0,4617.0,727.0,104.0,2000.0,448,706,2410,4161,7662,24004,48750,9280,81196,45658,브라이언싱어 패트릭스튜어트 휴잭맨 이안맥켈런 12세관람가 판타지 미국
177,레지던트 이블,3.0,3.72377,,157786.0,3264.0,590.0,100.0,2002.0,671,854,3806,3593,8807,14088,34765,5997,51062,34143,폴W.S.앤더슨 밀라요보비치 미셀로드리게즈 에릭마비우스 청소년관람불가 공포 독일 미국 영국
178,파라노말 액티비티,2.0,3.09261,,177563.0,2599.0,950.0,85.0,2007.0,4576,3875,15363,8515,22830,16307,43684,5172,38943,18298,오렌펠리 케이티피더스턴 미카슬로앳 애슐리팰머 청소년관람불가 공포 미국
179,유주얼 서스펙트,3.0,4.1993,,180227.0,29191.0,1815.0,106.0,1995.0,351,361,2359,1333,3589,10389,17293,16840,59361,68351,브라이언싱어 케빈스페이시 가브리엘번 스티븐볼드윈 청소년관람불가 스릴러 미국 독일
180,쥬라기 공원 3,3.0,3.39318,,108315.0,1132.0,359.0,92.0,2001.0,618,1204,3477,4930,10339,9776,32512,2471,28856,14132,조존스톤 마이클제터 샘닐 윌리암H머시 12세관람가 SF 미국
181,트와일라잇,3.0,3.50983,,418924.0,3077.0,1364.0,121.0,2008.0,7009,6624,19579,16727,36507,33573,89463,13648,103656,92138,캐서린하드윅 로버트패틴슨 크리스틴스튜어트 피터파시넬리 12세관람가 판타지 미국
182,더 문,4.0,3.69218,,48849.0,12117.0,916.0,97.0,2009.0,122,196,1533,853,2869,5135,9515,3163,17457,8006,던칸존스 샘록웰 케빈스페이시 말콤스튜어트 12세관람가 SF 영국
183,영화는 영화다,2.0,3.30617,3.0,150709.0,4574.0,603.0,112.0,2008.0,1346,2255,5507,7513,15334,15957,44156,3846,40407,14388,장훈 소지섭 강지환 홍수현 청소년관람불가 액션 한국
184,러브 & 드럭스,4.0,3.28458,,97676.0,7459.0,574.0,112.0,2010.0,485,1132,3396,4834,10246,10945,31365,2125,24822,8326,에드워드즈윅 제이크질렌할 앤해서웨이 가브리엘매치 청소년관람불가 로맨틱 코미디 미국
185,그녀를 믿지 마세요,1.0,2.99258,3.0,181979.0,2477.0,601.0,115.0,2004.0,2401,4214,11252,11873,28276,16851,59610,2289,34518,10695,배형준 김하늘 강동원 임하룡 12세관람가 로맨틱 코미디 한국
186,빨간 모자의 진실,2.0,3.05978,,144831.0,1052.0,426.0,80.0,2005.0,2002,3415,8323,9622,20772,13367,45587,2536,27774,11433,코리에드워즈 앤해서웨이 강혜정 글렌클로즈 전체관람가 애니메이션 미국
187,늑대의 유혹,2.0,2.7772,,299586.0,1884.0,1066.0,113.0,2004.0,10034,10134,34190,19020,55424,16299,81644,3217,45254,24370,김태균 강동원 조한선 이청아 12세관람가 로맨스 멜로 한국
188,몬스터 주식회사,4.0,3.98265,,311645.0,8193.0,1184.0,92.0,2001.0,603,915,3233,4707,8567,27569,49420,20650,110151,85830,데이빗실버맨 김진태 이인성 김옥경 전체관람가 애니메이션 미국
189,이웃집 토토로,2.0,4.03615,,397909.0,11836.0,1545.0,87.0,1988.0,686,1102,3252,5407,9834,31679,60537,25588,138958,120866,미야자키하야오 체릴체이스 라라코디 나탈리코어 전체관람가 애니메이션 일본
190,헝거게임: 판엠의 불꽃,3.0,3.68782,,219184.0,8557.0,2055.0,142.0,2012.0,976,1571,4794,6712,12545,27157,44753,14015,66652,40009,게리로스 제니퍼로렌스 조쉬허처슨 리암헴스워스 15세관람가 판타지 미국
191,시카고,2.0,3.78464,,100484.0,12632.0,707.0,113.0,2002.0,291,386,2212,1724,4668,9466,19797,6202,35404,20334,롭마샬 르네젤위거 캐서린제타존스 리차드기어 15세관람가 드라마 미국 캐나다
192,아이 엠 넘버 포,3.0,3.0511,,120355.0,2408.0,664.0,103.0,2011.0,1725,2914,7316,7763,18406,10249,36027,1890,24357,9708,D.J.카루소 알렉스페티퍼 티모시올리펀트 테레사팔머 12세관람가 SF 미국
193,클릭,4.0,3.41838,,206713.0,5845.0,1093.0,107.0,2006.0,1037,2236,5598,8911,18693,22530,59357,7141,57697,23513,프랭크코라치 아담샌들러 케이트베킨세일 크리스토퍼월켄 12세관람가 코미디 미국
194,소림축구,3.0,3.49179,,301028.0,791.0,1284.0,87.0,2001.0,2244,3023,10261,10582,23784,31383,75239,9900,92049,42563,주성치 주성치 조미 오맹달 15세관람가 코미디 홍콩 중국
195,작전,3.0,3.19586,,117278.0,1401.0,398.0,119.0,2009.0,959,1757,5287,6033,14824,10840,37246,2204,28568,9560,이호재 박용하 김민정 김무열 15세관람가 드라마 한국
196,스윙걸즈,3.0,3.5283,,116273.0,3641.0,570.0,103.0,2004.0,587,797,4034,3126,7874,12638,28798,3975,39559,14885,야구치시노부 타케나카나오토 우에노주리 히라오카유타 12세관람가 코미디 일본
197,데스티네이션,2.0,3.37924,,156705.0,1619.0,482.0,97.0,2000.0,1420,1511,7802,5041,14840,14435,42951,3576,44638,20491,제임스왕 데본사와 알리라터 커스미스 청소년관람불가 공포 미국
198,새벽의 저주,4.0,3.6578,,156910.0,5377.0,1130.0,100.0,2004.0,1942,1190,8392,3498,9364,13049,28222,7888,47302,36063,잭스나이더 사라폴리 빙라메스 제이크웨버 청소년관람불가 공포 미국
199,로맨틱 홀리데이,3.0,3.68603,,135213.0,13387.0,824.0,135.0,2006.0,351,629,2569,3486,6842,14539,31997,6179,45453,23168,낸시마이어스 카메론디아즈 케이트윈슬렛 주드로 15세관람가 로맨틱 코미디 미국
200,그 여자 작사 그 남자 작곡,3.0,3.78346,,256477.0,19448.0,995.0,103.0,2007.0,519,940,3053,5329,9400,27264,55301,12464,94988,47219,마크로렌스 드류베리모어 휴그랜트 셔만알퍼트 12세관람가 로맨틱 코미디 미국
201,무간도,5.0,4.04031,,140626.0,12024.0,1018.0,100.0,2002.0,328,368,3132,1309,4805,8172,18184,10362,48174,45792,맥조휘 양조위 유덕화 황추생 12세관람가 범죄 홍콩
202,쏘우,1.0,3.51588,,279150.0,2679.0,1364.0,100.0,2004.0,6499,2753,21484,6204,20216,19178,50172,13937,77282,61425,제임스완 리워넬 켄렁 캐리엘위스 청소년관람불가 공포 미국
203,모범시민,3.0,3.60439,,184493.0,6358.0,863.0,107.0,2009.0,555,1042,3552,5974,12139,18584,46576,7329,61106,27636,F.게리그레이 제이미폭스 제라드버틀러 비올라데이비스 15세관람가 액션 미국
204,28일 후,4.0,3.74457,4.0,174837.0,7806.0,977.0,113.0,2002.0,1061,976,5407,3657,9617,14918,33865,7897,57674,39765,대니보일 킬리언머피 나오미해리스 크리스토퍼에클리스턴 청소년관람불가 공포 네덜란드 영국 미국
205,연애의 목적,4.0,3.23468,,173824.0,2987.0,814.0,121.0,2005.0,1266,2187,7208,7465,21116,16414,56200,3284,44064,14620,한재림 박해일 강혜정 박그리나 청소년관람불가 로맨틱 코미디 한국
206,화이트 칙스,2.0,3.70081,,290383.0,5096.0,1236.0,108.0,2004.0,1881,2516,9305,8019,18700,25223,55691,13031,90766,65251,키넌아이버리웨이언스 존허드 숀웨이언스 마론웨이언스 15세관람가 코미디 미국
207,인 타임,2.0,3.58333,,271174.0,7978.0,2428.0,109.0,2011.0,1218,2775,6633,11582,20684,28095,61786,13155,79143,46103,앤드류니콜 아만다사이프리드 저스틴팀버레이크 킬리언머피 12세관람가 SF 미국
208,알 포인트,1.0,3.20696,,241097.0,3332.0,1083.0,106.0,2004.0,3117,3377,16197,9320,30276,22183,64315,7589,61801,22922,공수창 감우성 손병호 박원상 15세관람가 공포 한국
209,아는 여자,4.0,3.55275,4.0,161057.0,7255.0,1094.0,107.0,2004.0,711,1108,5370,4051,12926,13820,40037,5927,51890,25217,장진 정재영 이나영 박선우 15세관람가 로맨틱 코미디 한국
210,라디오 스타,3.0,3.48144,4.0,284091.0,4047.0,874.0,115.0,2006.0,1113,2122,6691,9336,20997,30300,82737,8716,90715,31364,이준익 김정아 서소현 박중훈 12세관람가 코미디 한국
211,달콤한 인생,3.0,3.88548,,226248.0,9516.0,1619.0,120.0,2005.0,492,672,3712,3141,8830,18300,40288,13122,83840,53851,김지운 이병헌 김영철 신민아 청소년관람불가 범죄 한국
212,인크레더블,4.0,3.73123,,325966.0,3455.0,1041.0,121.0,2004.0,792,1502,5881,7281,16629,31536,73450,14330,111723,62842,브래드버드 크레이그넬슨 홀리헌터 제이슨리 전체관람가 애니메이션 미국
213,우아한 세계,3.0,3.52045,3.0,94207.0,7512.0,742.0,112.0,2007.0,289,500,2203,2621,6080,11098,27029,3026,30533,10828,한재림 송강호 박지영 김소은 15세관람가 범죄 한국
214,헝거게임: 캣칭 파이어,3.0,3.7584,,173080.0,13726.0,2257.0,146.0,2013.0,940,1462,2410,5928,6582,26558,30283,14255,53771,30891,프란시스로렌스 제니퍼로렌스 조쉬허처슨 리암헴스워스 15세관람가 판타지 미국
215,성냥팔이 소녀의 재림,1.0,1.2247,,5848.0,209.0,332.0,125.0,2002.0,1661,341,2531,124,793,38,242,11,50,57,장선우 임은경 현성 김진표 15세관람가 액션 한국
216,프롬 파리 위드 러브,3.0,3.13425,,15491.0,1720.0,141.0,94.0,2010.0,98,317,549,1244,1861,1942,5099,272,3219,890,피에르모렐 존트라볼타 조나단리스마이어스 인빙 청소년관람불가 액션 프랑스
217,BB 프로젝트,2.0,3.20857,,29584.0,571.0,140.0,108.0,2006.0,223,565,960,1931,3298,3399,9652,567,6758,2231,진목승 성룡 고천락 응채아 12세관람가 액션 홍콩
218,거룩한 계보,3.0,3.13547,,41742.0,1717.0,289.0,126.0,2006.0,541,964,1745,3249,5136,4719,12659,930,8652,3147,장진 정재영 정준호 류승룡 15세관람가 액션 한국
219,자토이치,3.0,3.28769,4.0,23343.0,1541.0,230.0,116.0,2003.0,144,266,867,1036,2291,2756,7180,624,6656,1523,기타노다케시 기타노다케시 아사노타다노부 오구스미치요 15세관람가 액션 일본
220,상하이 나이츠,2.0,3.16771,,31570.0,392.0,129.0,110.0,2003.0,198,485,978,2218,3637,3509,11219,445,6966,1915,데이빗돕킨 성룡 오웬윌슨 톰피셔 12세관람가 액션 미국 홍콩
221,회사원,2.0,2.89357,,117535.0,2865.0,920.0,96.0,2012.0,3261,4751,7575,10926,18766,11631,32820,2082,18240,7483,임상윤 소지섭 이미연 곽도원 청소년관람불가 액션 한국
222,콜래트럴,2.0,3.46082,,28480.0,3368.0,432.0,120.0,2004.0,71,159,523,987,1890,4030,8542,1095,9063,2120,마이클만 톰크루즈 제이미폭스 브루스맥길 15세관람가 범죄 미국
223,크로우즈 제로 2,3.0,3.49094,,54905.0,1631.0,280.0,133.0,2009.0,702,802,2342,2198,4522,5531,12237,2040,14716,9815,미이케다카시 오구리슌 야마다타카유키 카네코노부아키 청소년관람불가 액션 일본
224,턱시도,3.0,3.17908,,98968.0,483.0,391.0,99.0,2002.0,581,1617,2911,6823,11563,11761,34102,1774,21809,6027,케빈도노반 성룡 제니퍼러브휴이트 제이슨아이삭스 15세관람가 액션 미국
225,미션 임파서블 2,3.0,3.65701,,142270.0,2190.0,683.0,123.0,2000.0,578,1152,2389,4604,8217,14804,32449,4918,49203,23956,오우삼 톰크루즈 더그레이스콧 탠디뉴튼 15세관람가 액션 미국
226,취권,3.0,3.70643,,82211.0,895.0,438.0,107.0,1978.0,228,354,1599,1564,3576,9134,18279,3434,31101,12942,원화평 성룡 황정리 원소전 12세관람가 액션 홍콩
227,영웅 :  천하의 시작,5.0,3.51243,,49065.0,1014.0,530.0,109.0,2002.0,168,279,1427,1316,3499,5462,13320,2148,15846,5600,장예모 이연걸 양조위 장만옥 15세관람가 액션 중국
228,트랜스포터 - 엑스트림,3.0,3.65099,,66035.0,1977.0,254.0,87.0,2005.0,192,413,1297,1956,3740,6686,16697,2016,21039,11999,루이스리터리어 케이트노타 매튜모딘 제이슨플레밍 15세관람가 액션 프랑스 미국
229,와일드 카드,2.0,3.3757,,62294.0,1064.0,254.0,114.0,2003.0,266,592,1843,2510,5565,7126,18837,1637,18396,5522,김유진 정진영 양동근 한채영 청소년관람불가 액션 한국
230,엽문 2,3.0,3.56924,,79968.0,1040.0,313.0,108.0,2010.0,305,591,1717,2813,5226,8881,20937,2670,24891,11937,엽위신 견자단 홍금보 황효명 15세관람가 액션 홍콩
231,트랜스포터,3.0,3.73704,,133958.0,3071.0,420.0,92.0,2002.0,412,646,2080,3175,6065,13892,30222,4968,46867,25631,원규 제이슨스타뎀 서기 프랑수아벨레앙 15세관람가 액션 프랑스
232,크로우즈 제로,4.0,3.48069,,95176.0,3154.0,583.0,129.0,2007.0,1062,1187,4822,3334,8541,8535,21096,3347,25776,17476,미이케다카시 오구리슌 야베쿄스케 쿠로키메이사 15세관람가 액션 일본
233,닌자 어쌔신,2.0,2.55139,,117973.0,599.0,523.0,98.0,2009.0,4423,5027,15716,8774,26423,6366,32083,835,13165,5161,제임스맥티그 정지훈 쇼코스기 벤마일즈 청소년관람불가 액션 미국 독일
234,오션스 일레븐,3.0,3.8856,,122243.0,1991.0,324.0,116.0,2001.0,443,718,2482,3442,7083,11439,29402,3973,38962,24299,올리비에메가턴 제이슨스타뎀 나탈리아루다코바 프랑수아벨레앙 12세관람가 액션 미국
235,트랜스포터 - 라스트 미션,3.0,3.68131,,213870.0,11830.0,863.0,103.0,2008.0,337,550,2117,3263,6235,21868,39063,11186,83079,46172,스티븐소더버그 조지클루니 맷데이먼 앤디가르시아 15세관람가 액션 프랑스
236,본 레거시,4.0,3.39774,,116419.0,5155.0,892.0,135.0,2012.0,1062,1570,4152,5816,11218,11228,30840,3227,31319,15987,토니길로이 제레미레너 에드워드노튼 레이첼와이즈 15세관람가 액션 미국
237,아드레날린 24,2.0,3.47059,,98031.0,2560.0,518.0,86.0,2006.0,592,933,3383,3290,8683,9018,26200,2451,29063,14418,브라이언테일러 제이슨스타뎀 에이미스마트 호세파블로칸틸로 청소년관람불가 액션 영국 미국
238,바람의 파이터,3.0,3.1457,,147447.0,722.0,329.0,120.0,2004.0,1334,2542,7199,7914,20871,12024,47406,2463,33258,12436,양윤호 양동근 히라야마아야 가토마사야 12세관람가 액션 한국
239,아라한 장풍대작전,3.0,2.89316,,232742.0,622.0,748.0,114.0,2004.0,4710,6261,18140,15515,39288,19817,72791,2684,41369,12167,류승완 류승범 윤소이 안성기 12세관람가 액션 한국
240,킬 빌 - 1부,5.0,3.73893,4.0,224403.0,8005.0,1786.0,110.0,2003.0,1040,1343,6406,4460,13673,18378,43303,13797,74836,47167,쿠엔틴타란티노 우마서먼 루시리우 비비카A폭스 청소년관람불가 액션 미국
241,엽문,3.0,3.70585,,163441.0,1864.0,568.0,106.0,2008.0,483,725,3771,3269,8917,14600,37521,6352,56720,31083,엽위신 견자단 웅대림 임달화 12세관람가 액션 홍콩
242,호빗: 스마우그의 폐허,4.0,3.80367,,162063.0,9232.0,2354.0,161.0,2013.0,829,1122,2164,4951,5833,23248,27169,13236,51827,31684,피터잭슨 베네딕트컴버배치 마틴프리먼 이안맥켈런 12세관람가 판타지 미국 뉴질랜드
243,중천,1.0,1.95485,,26413.0,151.0,330.0,102.0,2006.0,3193,2979,4722,2783,6475,983,3977,120,870,311,조동오 정우성 김태희 김광일 12세관람가 판타지 한국
244,호빗: 다섯 군대 전투,4.0,3.79774,,92687.0,6510.0,4223.0,144.0,2014.0,425,621,772,3724,2412,18398,13730,11070,26978,14557,피터잭슨 이안맥켈런 마틴프리먼 리처드아미티지 12세관람가 판타지 미국 뉴질랜드
245,무극,1.0,2.23342,,5841.0,52.0,146.0,101.0,2005.0,267,373,924,418,1839,183,1368,20,372,77,천카이거 장동건 장백지 사나다히로유키 12세관람가 판타지 한국 미국 중국
246,구미호 가족,1.0,2.07155,,6237.0,164.0,75.0,102.0,2006.0,333,486,1254,497,1986,125,1197,11,266,82,이형곤 주현 박준규 하정우 15세관람가 판타지 한국
247,천녀유혼 2 - 인간도,4.0,3.6021,,24626.0,824.0,120.0,103.0,1990.0,95,153,628,609,1693,2182,6279,764,8119,4104,정소동 장국영 왕조현 우마 15세관람가 판타지 홍콩
248,천녀유혼,4.0,3.37344,,42300.0,1245.0,233.0,98.0,2011.0,416,605,1885,1672,4288,3636,11018,1142,12172,5466,엽위신 고천락 유역비 여소군 12세관람가 판타지 중국
249,해리 포터와 아즈카반의 죄수,4.0,3.85926,,394171.0,2105.0,1043.0,141.0,2004.0,1042,1570,5263,8259,14327,38596,79718,19206,127502,98688,알폰소쿠아론 다니엘래드클리프 엠마왓슨 루퍼트그린트 전체관람가 판타지 미국 영국
250,캐리비안의 해적 - 블랙 펄의 저주,5.0,3.95951,3.0,423345.0,4206.0,957.0,143.0,2003.0,844,1318,4107,6584,12273,37118,71414,22672,152547,114468,고어버빈스키 조니뎁 키이라나이틀리 올랜도블룸 12세관람가 판타지 미국
251,스파이더맨,3.0,3.7782,,402779.0,2607.0,1065.0,121.0,2002.0,867,1565,4534,7888,15482,41481,90523,16575,146969,76895,샘레이미 토비맥과이어 커스틴던스트 윌렘데포 12세관람가 판타지 미국
252,타이탄,3.0,3.03687,2.0,134138.0,1445.0,433.0,106.0,2010.0,1319,2555,8019,7677,21677,9403,45733,1423,25860,10472,루이스리터리어 샘워싱턴 리암니슨 랄프파인즈 12세관람가 판타지 영국 미국
253,배트맨 비긴즈,5.0,3.94308,,299713.0,8113.0,1617.0,139.0,2005.0,541,779,2849,3972,8416,27982,51480,18486,110929,74279,크리스토퍼놀란 크리스찬베일 리암니슨 케이티홈즈 12세관람가 판타지 미국
254,엑스맨 탄생: 울버린,2.0,3.56268,2.0,242334.0,3535.0,786.0,107.0,2009.0,1525,2560,5882,9271,17318,22961,61581,7051,72778,41407,개빈후드 휴잭맨 리브슈라이버 대니휴스턴 12세관람가 판타지 미국
255,반 헬싱,2.0,3.27605,,152578.0,2262.0,420.0,131.0,2004.0,791,1996,4656,8194,16832,14629,50544,2696,38499,13741,스티븐소머즈 휴잭맨 케이트베킨세일 슐러헨슬리 15세관람가 판타지 미국 체코
256,핸콕,3.0,3.37124,2.0,250752.0,3364.0,968.0,92.0,2008.0,1029,2502,5688,11941,23586,26300,80392,5272,68831,25211,피터버그 윌스미스 샤를리즈테론 제이슨베이트먼 12세관람가 판타지 미국
257,가위손,5.0,3.92325,4.0,253170.0,18791.0,1530.0,100.0,1990.0,545,777,3416,3428,8794,20949,42701,18223,92983,61354,팀버튼 조니뎁 위노나라이더 다이안위스트 15세관람가 판타지 미국
258,해리 포터와 혼혈 왕자,4.0,3.72513,,391327.0,2421.0,830.0,153.0,2009.0,1478,2232,9040,10381,23229,33888,89694,13518,115309,92558,데이빗예이츠 다니엘래드클리프 엠마왓슨 루퍼트그린트 전체관람가 판타지 영국 미국
259,찰리와 초콜릿 공장,4.0,3.69906,3.0,524525.0,2939.0,1765.0,114.0,2005.0,1254,2751,8670,13502,29743,54278,122449,25304,170146,96428,팀버튼 조니뎁 프레디하이모어 미시파일 전체관람가 판타지 미국 영국
260,기다리다 미쳐,4.0,2.17996,,6630.0,118.0,103.0,108.0,2007.0,322,461,1165,484,2002,205,1533,16,377,65,류승진 장근석 손태영 장희진 15세관람가 로맨스 멜로 한국
261,키친,3.0,2.70387,,31812.0,1202.0,303.0,102.0,2009.0,804,1587,2245,3573,6349,2850,9383,350,3693,978,홍지영 신민아 주지훈 김태우 15세관람가 로맨스 멜로 한국
262,백만장자의 첫사랑,3.0,2.26912,,19692.0,225.0,291.0,116.0,2006.0,1041,1206,3595,1366,5176,701,4440,80,1581,506,김태균 현빈 이연희 이한솔 12세관람가 로맨스 멜로 한국
263,슬픔보다 더 슬픈 이야기,1.0,3.26909,,46468.0,2998.0,425.0,105.0,2009.0,999,1148,2866,2465,5256,4200,10433,1935,10382,6784,원태연 권상우 이보영 이범수 15세관람가 로맨스 멜로 한국
264,시월애,4.0,3.40057,,67927.0,8032.0,465.0,94.0,2000.0,310,654,2180,2690,6254,7370,19571,2527,19274,7097,이현승 이정재 전지현 조승연 12세관람가 로맨스 멜로 한국
265,...ing,3.0,2.98247,,58547.0,1872.0,238.0,110.0,2003.0,496,1050,4420,3198,9500,4307,20117,683,11009,3767,이언희 임수정 김래원 이미숙 12세관람가 로맨스 멜로 한국
266,클로저,4.0,3.70706,,93960.0,16343.0,1405.0,103.0,2004.0,272,461,2569,2180,5578,9601,19541,6146,29628,17984,마이크니콜스 나탈리포트만 주드로 줄리아로버츠 청소년관람불가 로맨스 멜로 미국
267,"다만, 널 사랑하고 있어",3.0,3.59537,,146081.0,11726.0,867.0,116.0,2006.0,937,1412,5037,4742,10854,13241,33071,6226,42346,28215,신조타케히코 타마키히로시 미야자키아오이 우에하라미사 12세관람가 로맨스 멜로 일본
268,너는 내 운명,3.0,3.70567,,220017.0,10034.0,665.0,121.0,2005.0,676,1011,4366,4585,12245,18817,52023,8729,75963,41602,박진표 전도연 황정민 나문희 청소년관람불가 로맨스 멜로 한국
269,"지금, 만나러 갑니다",3.0,3.8818,,230978.0,16121.0,1493.0,118.0,2004.0,822,1101,5393,4016,11479,16596,40739,13260,71663,65909,도이노부히로 타케우치유코 나카무라시도 타케이아카시 12세관람가 로맨스 멜로 일본
270,아이 인사이드,3.0,3.41171,,11796.0,4220.0,152.0,93.0,2003.0,42,78,421,420,878,1331,3518,329,3707,1072,롤란드수소리흐터 라이언필립 사라폴리 파이퍼페라보 15세관람가 스릴러 미국
271,더 재킷,3.0,3.45044,,25315.0,4823.0,260.0,102.0,2005.0,100,196,658,1035,2018,3098,6885,1006,7895,2424,존메이버리 애드리언브로디 키이라나이틀리 크리스크리스토퍼슨 15세관람가 스릴러 미국 영국 독일
272,10억,2.0,2.56288,,151143.0,1139.0,736.0,114.0,2009.0,5373,6934,18924,12551,33577,9874,39826,1439,16838,5807,조민호 박해일 박희순 신민아 15세관람가 스릴러 한국
273,데스 노트,1.0,3.04751,,239536.0,1122.0,943.0,126.0,2006.0,4689,6422,16578,15255,35044,19926,67570,4697,47113,22242,카네코슈스케 후지와라타츠야 마츠야마켄이치 호소카와시게키 12세관람가 스릴러 일본
274,디스터비아,3.0,3.31497,,79644.0,2308.0,435.0,104.0,2007.0,243,702,2294,3644,7332,10206,26083,1884,21955,5301,D.J.카루소 샤이아라보프 사라로머 데이빗모스 12세관람가 스릴러 미국
275,바닐라 스카이,5.0,3.68957,,126071.0,13782.0,872.0,135.0,2001.0,724,1158,3995,5277,10541,15576,34495,4923,36400,12982,페르난도메이렐레스 줄리안무어 마크러팔로 가엘가르시아베르날 청소년관람불가 스릴러 미국
276,눈먼 자들의 도시,3.0,3.41917,,104270.0,15627.0,1099.0,120.0,2008.0,360,499,2952,2283,6689,9270,22634,6542,33243,19798,카메론크로우 톰크루즈 페넬로페크루즈 카메론디아즈 청소년관람불가 스릴러 미국 캐나다 일본
277,식스 센스,3.0,4.12837,,317642.0,20274.0,1799.0,107.0,1999.0,581,567,2778,2628,5893,21145,36866,27075,117997,102112,M.나이트샤말란 브루스윌리스 할리조엘오스먼트 토니콜렛 12세관람가 스릴러 미국
278,프레스티지,3.0,3.77823,,109165.0,21254.0,1615.0,130.0,2006.0,324,396,2623,2030,4788,12245,19876,8897,38057,19929,크리스토퍼놀란 휴잭맨 크리스찬베일 마이클케인 15세관람가 스릴러 영국 미국
279,더 게임,2.0,3.2152,,177380.0,3385.0,603.0,116.0,2007.0,1532,2733,8508,9128,22869,15500,52786,3983,43809,16532,윤인호 신하균 변희봉 손현주 15세관람가 스릴러 한국
280,데스 노트 - 라스트 네임,1.0,2.95679,,207363.0,876.0,518.0,139.0,2006.0,4054,4676,20179,10318,35864,12025,58259,2634,39045,20309,카네코슈스케 후지와라타츠야 마츠야마켄이치 나카무라시도 12세관람가 스릴러 미국 일본
281,폰 부스,4.0,3.77328,,213158.0,7320.0,1295.0,81.0,2002.0,524,747,4565,3561,10375,18814,42932,11162,78580,41898,조엘슈마허 콜린파렐 포레스트휘태커 키퍼서덜랜드 12세관람가 스릴러 미국
282,설국열차,3.0,3.75864,,465284.0,17081.0,5418.0,125.0,2013.0,1527,2701,4950,14099,16756,66892,88687,35320,160974,73378,봉준호 크리스에반스 송강호 고아성 15세관람가 SF 한국
283,13층,3.0,3.7336,,45383.0,12772.0,703.0,98.0,1999.0,111,182,1202,833,2234,4549,8945,2877,16588,7862,조세프루스낵 크레이그비에코 그레첸몰 아민뮬러스탈 12세관람가 SF 독일 미국
284,점퍼,3.0,3.40473,,238729.0,3683.0,1097.0,88.0,2008.0,1181,2846,4895,12631,21073,27955,70146,6609,65740,25653,더그라이만 헤이든크리스텐슨 사무엘L잭슨 제이미벨 15세관람가 SF 미국
285,12 몽키즈,4.0,3.73529,,69224.0,10617.0,785.0,129.0,1995.0,148,291,1393,1261,3616,6894,14192,4272,25425,11732,테리길리암 브루스윌리스 매들린스토우 브래드피트 15세관람가 SF 미국
286,디스트릭트 9,4.0,3.82466,,227763.0,11087.0,2334.0,112.0,2009.0,1028,1319,4822,4662,11537,20371,38363,19329,76006,50326,닐블롬캠프 샬토코플리 제이슨코프 바네사헤이우드 청소년관람불가 SF 미국 뉴질랜드 캐나다 남아프리카 공화국
287,클로버필드,4.0,3.32635,3.0,87499.0,5057.0,948.0,85.0,2008.0,849,1028,4328,3841,9684,8575,22726,2951,23272,10245,맷리브스 리지캐플란 TJ밀러 제시카루카스 15세관람가 SF 미국
288,아부의 왕,1.0,2.47844,2.0,25064.0,432.0,195.0,118.0,2012.0,1210,1563,2939,2464,5582,1740,6276,216,2354,720,정승구 성동일 송새벽 한채아 15세관람가 코미디 한국
289,퍼스트 어벤져,3.0,3.44168,,192925.0,4786.0,1616.0,123.0,2011.0,901,2046,5144,9385,16585,24708,52663,7402,49353,24738,조존스톤 크리스에반스 휴고위빙 토미리존스 12세관람가 판타지 미국
290,챔프,1.0,2.90725,,11772.0,558.0,95.0,133.0,2011.0,207,344,982,822,2082,874,3476,162,1922,901,이환경 차태현 유오성 박하선 12세관람가 드라마 한국
291,너는 펫,1.0,2.28755,,35824.0,432.0,338.0,110.0,2011.0,2396,2012,6281,2590,8486,1414,8524,128,3065,928,김병곤 김하늘 장근석 강하늘 12세관람가 로맨틱 코미디 한국
292,전국노래자랑,1.0,2.60612,,39843.0,846.0,387.0,112.0,2012.0,1666,2224,3925,4317,7599,3167,10866,446,4101,1532,이종필 김인권 류현경 유연석 12세관람가 코미디 한국
293,루퍼,4.0,3.48206,,93535.0,16363.0,1261.0,119.0,2012.0,288,561,2032,3416,6295,13240,25718,3554,30097,8334,라이언존슨 조셉고든레빗 브루스윌리스 에밀리블런트 청소년관람불가 SF 미국
294,다크 섀도우,3.0,2.74808,,30649.0,2513.0,682.0,112.0,2012.0,730,1339,1872,3835,5814,2874,9108,317,3861,899,팀버튼 조니뎁 에바그린 미쉘파이퍼 15세관람가 로맨틱 코미디 미국
295,소스 코드,4.0,3.70224,,232416.0,12798.0,1744.0,93.0,2011.0,482,961,3364,5486,11430,27109,52436,13185,82530,35433,던칸존스 제이크질렌할 미쉘모나한 제프리라이트 12세관람가 SF 미국 프랑스
296,점쟁이들,3.0,2.39666,,33605.0,346.0,437.0,119.0,2012.0,1498,1860,4755,2979,8409,1689,8467,154,2996,798,신정원 김수로 강예원 곽도원 15세관람가 코미디 한국
297,가문의 영광5-가문의 귀환,1.0,2.3923,,48766.0,284.0,258.0,104.0,2012.0,4514,2823,8046,3841,8484,3091,9982,603,4749,2633,정용기 정준호 김민정 유동근 15세관람가 코미디 한국
298,알투비:리턴투베이스,1.0,2.4328,2.0,59970.0,597.0,592.0,113.0,2012.0,4623,3850,7983,5638,11307,4200,13534,577,6021,2237,김동원 정지훈 이종석 유준상 15세관람가 액션 한국
299,돈의 맛,1.0,2.52439,,87350.0,1325.0,657.0,115.0,2012.0,3657,4589,9147,8958,19576,6338,24014,699,8178,2194,임상수 김강우 백윤식 윤여정 청소년관람불가 스릴러 한국
300,토르: 천둥의 신,3.0,3.42266,,271491.0,3859.0,1415.0,112.0,2011.0,1544,3193,7844,13207,25326,29300,76022,7567,69791,37697,케네스브래너 크리스헴스워스 나탈리포트만 안소니홉킨스 12세관람가 판타지 미국
301,웜 바디스,4.0,3.18514,,164400.0,7616.0,1960.0,96.0,2013.0,2972,4411,6405,13087,17231,22602,43937,5275,35124,13356,조나단레빈 니콜라스홀트 테레사팔머 존말코비치 15세관람가 코미디 미국
302,간기남,3.0,2.62985,,132392.0,1148.0,503.0,117.0,2012.0,4360,5514,15647,9522,28774,7242,37099,990,16669,6575,김형준 박희순 박시연 주상욱 청소년관람불가 스릴러 한국
303,간첩,2.0,2.74421,,29203.0,634.0,329.0,115.0,2012.0,535,1105,1875,2906,5952,2544,9767,245,3477,797,우민호 김명민 염정아 유해진 15세관람가 드라마 한국
304,은교,4.0,2.98298,,267130.0,4468.0,1630.0,129.0,2012.0,4164,6295,16427,18565,42308,25362,85441,4827,47759,15982,정지우 박해일 김고은 김무열 청소년관람불가 로맨스 멜로 한국
305,브레이킹 던 part1,3.0,3.51084,2.0,245946.0,2640.0,566.0,117.0,2011.0,4628,3961,13543,9505,21187,18155,50448,7420,58202,58897,빌콘돈 로버트패틴슨 크리스틴스튜어트 테일러로트너 15세관람가 판타지 미국
306,오블리비언,3.0,3.44597,,115861.0,7316.0,1565.0,124.0,2013.0,600,1159,2401,5509,8228,17768,31259,4950,33597,10390,조셉코신스키 톰크루즈 모건프리먼 올가쿠릴렌코 15세관람가 SF 미국
307,만추,2.0,3.31623,4.0,114578.0,13304.0,1625.0,115.0,2010.0,985,1622,5843,5026,12566,12215,29658,5054,29058,12551,김태용 현빈 탕웨이 제임스C번스 15세관람가 로맨스 멜로 미국 한국
308,원스,4.0,3.91168,5.0,292357.0,28848.0,2449.0,86.0,2006.0,832,1305,4454,5366,11127,25553,48281,21670,99658,74111,존카니 글렌핸사드 마케타잉글로바 시낸허프 전체관람가 로맨스 멜로 아일랜드
309,잘 알지도 못하면서,3.0,3.38022,,19557.0,4621.0,367.0,126.0,2008.0,159,232,765,705,1753,2535,4890,833,6065,1620,홍상수 김태우 고현정 엄지원 청소년관람불가 로맨스 멜로 한국
310,혹성탈출: 진화의 시작,4.0,3.71281,,317125.0,6811.0,1905.0,106.0,2011.0,1298,1700,5901,6986,16375,34513,65558,21634,112597,50563,루퍼트와이어트 제임스프랭코 프리다핀토 앤디서키스 12세관람가 SF 미국
311,그랜 토리노,3.0,3.89082,4.0,55288.0,12569.0,1095.0,116.0,2008.0,117,140,1235,679,2082,5069,8491,5957,19881,11637,클린트이스트우드 클린트이스트우드 크리스토퍼칼리 비방 12세관람가 드라마 미국
312,렛 미 인,3.0,3.7045,,93380.0,19619.0,1368.0,114.0,2008.0,404,585,2541,2241,5399,9506,18402,7115,30537,16650,토마스알프레드슨 카레헤레브란트 리나레안데르손 카린베그퀴스트 15세관람가 공포 스웨덴
313,밀리언 달러 베이비,3.0,3.76991,,91013.0,13700.0,721.0,133.0,2004.0,230,328,1554,1542,3807,9213,18717,6107,34028,15487,클린트이스트우드 클린트이스트우드 힐러리스웽크 모건프리먼 12세관람가 드라마 미국
314,디파티드,3.0,3.65439,,75924.0,12466.0,997.0,151.0,2006.0,156,287,1791,1559,4206,8309,17213,4206,27756,10441,마틴스콜세지 레오나르도디카프리오 맷데이먼 잭니콜슨 15세관람가 범죄 미국
315,허트 로커,3.0,3.79193,4.0,84703.0,12957.0,1340.0,130.0,2008.0,202,268,2201,1141,4211,7302,15370,6867,31050,16091,캐스린비글로우 제레미레너 안소니마키 브라이언게라그티 15세관람가 전쟁 미국
316,슬럼독 밀리어네어,2.0,3.89361,,228416.0,20226.0,1426.0,120.0,2008.0,494,652,2527,3394,6830,24030,37440,17680,89429,45940,대니보일 루비아나알리 마드허미탈 아슈토시로보가지와라 15세관람가 드라마 영국 미국
317,해바라기,3.0,3.79847,,279004.0,5309.0,1101.0,116.0,2006.0,1156,1740,7022,6315,16277,20523,53876,13155,86159,72781,강석범 김래원 김해숙 허이재 15세관람가 액션 한국
318,리미트리스,3.0,3.86227,,165067.0,15227.0,1844.0,105.0,2011.0,332,563,1812,3646,5477,19374,28887,11324,59071,34581,닐버거 브래들리쿠퍼 로버트드니로 애비코니쉬 15세관람가 SF 미국
319,토르: 다크 월드,3.0,3.61026,,201155.0,8272.0,2260.0,112.0,2013.0,1064,1973,3163,8912,10646,30419,45172,9784,60075,29947,앨런테일러 크리스헴스워스 나탈리포트만 톰히들스턴 12세관람가 판타지 미국
320,인정사정 볼 것 없다,3.0,3.5132,,92673.0,4674.0,440.0,112.0,1999.0,278,507,2037,2300,6244,10160,26653,3025,32105,9364,이명세 안성기 박중훈 장동건 12세관람가 액션 한국
321,범죄의 재구성,3.0,3.79031,4.0,170286.0,9963.0,872.0,116.0,2004.0,350,660,2171,3112,6433,17306,34239,8687,67576,29752,최동훈 박신양 백윤식 염정아 청소년관람불가 범죄 한국
322,미션 임파서블,4.0,4.07217,,228146.0,6790.0,920.0,110.0,1996.0,276,365,1476,1925,3928,17772,30771,14587,91244,65802,브라이언드팔마 톰크루즈 빙라메스 바네사레드그레이브 15세관람가 액션 미국
323,21,3.0,3.5912,,139467.0,5397.0,671.0,122.0,2008.0,389,943,2490,4922,7854,17443,35213,5886,46077,18250,로버트루케틱 짐스터게스 케빈스페이시 케이트보스워스 15세관람가 범죄 미국
324,파수꾼,5.0,3.96741,,83412.0,20916.0,2212.0,117.0,2010.0,257,330,1155,1288,2454,8412,10796,10716,29022,18982,윤성현 이제훈 서준영 박정민 15세관람가 드라마 한국
325,콘스탄틴,3.0,3.82444,,260318.0,10892.0,1800.0,120.0,2005.0,694,1202,3688,5456,11426,24772,50285,15423,90565,56807,프란시스로렌스 키아누리브스 레이첼와이즈 샤이아라보프 15세관람가 판타지 미국
326,클라우드 아틀라스,3.0,3.25892,,78467.0,15123.0,1471.0,172.0,2012.0,943,1447,4105,4481,9384,8019,19819,3397,18212,8660,라나워쇼스키 톰행크스 휴그랜트 배두나 청소년관람불가 SF 미국 독일
327,나우 유 씨 미 : 마술사기단,3.0,3.51799,,266590.0,11429.0,3144.0,115.0,2013.0,1774,3477,5125,14406,17676,38677,62680,13628,75206,33941,루이스리터리어 제시아이젠버그 마크러팔로 우디해럴슨 12세관람가 범죄 미국 프랑스
328,올드보이,5.0,4.08161,,426109.0,17403.0,2792.0,120.0,2003.0,1247,1193,6516,4519,13570,24173,55266,38099,137720,143806,박찬욱 최민식 유지태 강혜정 청소년관람불가 스릴러 한국
329,아내가 결혼했다,3.0,3.1362,,120409.0,3515.0,777.0,119.0,2008.0,1547,2242,5198,7989,14666,13999,38101,2538,26421,7708,정윤수 박찬 손예진 김주혁 청소년관람불가 로맨틱 코미디 한국
330,바르게 살자,4.0,3.23869,,79057.0,1681.0,530.0,102.0,2007.0,619,1109,3302,4214,8733,8828,24212,1996,19951,6093,라희찬 정재영 손병호 고창석 15세관람가 코미디 한국
331,셜록 홈즈,4.0,3.69325,2.0,316788.0,8945.0,980.0,128.0,2009.0,917,1838,5139,9116,18027,30646,75167,11970,103712,60256,가이리치 로버트다우니주니어 주드로 레이첼맥아담스 12세관람가 액션 영국 오스트레일리아 미국
332,거북이 달린다,4.0,3.2313,3.0,149699.0,2654.0,471.0,117.0,2009.0,829,1812,4594,7831,16394,15857,52474,2202,37739,9967,이연우 차정학 전해리 이기호 15세관람가 코미디 한국
333,강철중: 공공의 적 1-1,3.0,3.47147,,208980.0,2101.0,502.0,127.0,2008.0,1246,2047,6684,7645,17938,18994,56617,5528,62533,29748,강우석 설경구 정재영 문성근 15세관람가 범죄 한국
334,해리 포터와 비밀의 방,4.0,3.93393,,476823.0,1968.0,963.0,162.0,2002.0,1231,1675,6674,7739,17092,39458,84456,25448,158380,134670,크리스콜럼버스 다니엘래드클리프 엠마왓슨 루퍼트그린트 전체관람가 판타지 영국 미국
335,페이스 오프,3.0,3.86852,3.0,164868.0,8332.0,779.0,138.0,1997.0,304,436,1535,2581,4676,16887,29990,10124,66684,31651,오우삼 니콜라스케이지 존트라볼타 도미니크스웨인 청소년관람불가 액션 미국
336,맨 인 블랙,3.0,3.89125,,349014.0,6582.0,791.0,98.0,1997.0,567,936,2890,5305,9839,34581,64526,18022,136895,75453,베리소넨필드 토미리존스 윌스미스 토니샬호브 12세관람가 SF 미국
337,행오버,3.0,3.64183,,119712.0,7962.0,999.0,100.0,2009.0,1287,1288,3875,4165,6942,13426,22915,6517,36346,22951,토드필립스 저스틴바사 제프리탬버 브래들리쿠퍼 청소년관람불가 코미디 미국 독일
338,청설,4.0,3.80162,,56109.0,12805.0,854.0,109.0,2009.0,265,359,1064,1483,2370,6615,9560,4219,18547,11627,청펀펀 펑위옌 천이한 진연희 전체관람가 로맨스 멜로 대만
339,제리 맥과이어,3.0,3.84398,,87846.0,12212.0,593.0,138.0,1996.0,154,202,1317,1057,2658,9119,16130,5182,35775,16252,카메론크로우 톰크루즈 쿠바구딩쥬니어 르네젤위거 15세관람가 드라마 미국
340,프리퀀시,3.0,3.93613,,70850.0,14750.0,831.0,117.0,2000.0,104,169,1038,890,2037,6723,10949,6279,26696,15965,그레고리호블릿 데니스퀘이드 제임스카비젤 안드레브라우퍼 12세관람가 SF 미국
341,이터널 선샤인,4.0,4.08404,5.0,283458.0,31801.0,6070.0,107.0,2004.0,723,872,4951,3263,10121,16981,36031,27477,83660,99379,미셸공드리 짐캐리 케이트윈슬렛 커스틴던스트 15세관람가 로맨스 멜로 미국
342,말할 수 없는 비밀,5.0,4.02288,,548546.0,10746.0,2725.0,101.0,2007.0,1319,1979,6953,8631,17958,42021,80034,39152,177152,173347,주걸륜 주걸륜 계륜미 황추생 12세관람가 로맨스 멜로 대만
343,바람,4.0,3.99843,,311695.0,14648.0,1836.0,107.0,2009.0,1034,1429,4428,5537,10331,26591,45174,21327,99255,96589,이성한 정우 황정음 손호준 청소년관람불가 드라마 한국
344,뱀파이어와의 인터뷰,4.0,3.83792,,104707.0,12673.0,1049.0,123.0,1994.0,305,427,2078,1803,4372,10207,18543,7597,36668,22707,닐조던 톰크루즈 브래드피트 안토니오반데라스 청소년관람불가 공포 미국
345,매트릭스 3 - 레볼루션,4.0,3.93548,2.0,226773.0,4862.0,725.0,128.0,2003.0,538,862,2911,4295,9152,16766,41344,12179,72282,66444,라나워쇼스키 키아누리브스 캐리앤모스 로렌스피쉬번 15세관람가 SF 미국
346,러브 액츄얼리,4.0,4.05762,,445666.0,20874.0,2251.0,135.0,2003.0,944,1181,4509,5482,11709,30742,64490,29064,155289,142256,리처드커티스 휴그랜트 콜린퍼스 엠마톰슨 청소년관람불가 로맨틱 코미디 영국 미국
347,업,4.0,4.04388,,339524.0,21017.0,3115.0,101.0,2009.0,594,1061,3361,4573,9324,27502,48107,31350,112075,101577,피트닥터 에드워드애스너 이순재 조던나가이 전체관람가 애니메이션 미국
348,늑대아이,4.0,3.89114,,170625.0,21956.0,2499.0,117.0,2012.0,720,1008,2675,4103,6386,17989,27235,14873,53356,42280,호소다마모루 미야자키아오이 오사와타카오 쿠로키하루 전체관람가 애니메이션 일본
349,월-E,4.0,4.01492,,322161.0,13093.0,2527.0,104.0,2008.0,774,1141,5078,4630,11953,22164,47349,26216,101093,101763,앤드류스탠튼 벤버트 엘리사나이트 제프가린 전체관람가 애니메이션 미국
350,매트릭스 2 - 리로디드,4.0,3.92303,,249261.0,5208.0,679.0,138.0,2003.0,556,926,2842,4323,9663,19621,45325,13280,84889,67836,앤디워쇼스키 키아누리브스 캐리앤모스 로렌스피쉬번 15세관람가 SF 미국
351,나 홀로 집에,3.0,3.9823,,566913.0,1882.0,1727.0,105.0,1990.0,1032,1599,5414,7881,16206,45479,94380,31623,203987,159312,크리스콜럼버스 맥컬리컬킨 조페시 다니엘스턴 전체관람가 코미디 미국
352,캐치 미 이프 유 캔,3.0,4.05253,,367009.0,28541.0,2569.0,140.0,2002.0,574,796,2506,4365,7226,33115,48677,34208,135556,99986,스티븐스필버그 레오나르도디카프리오 톰행크스 크리스토퍼월켄 15세관람가 드라마 미국
353,메멘토,4.0,4.06945,,305705.0,32794.0,3318.0,112.0,2000.0,693,762,4791,3019,9541,19382,38286,29112,103179,96940,크리스토퍼놀란 가이피어스 캐리앤모스 조판토리아노 15세관람가 스릴러 미국
354,콘택트,3.0,3.94302,,78747.0,16349.0,1455.0,145.0,1997.0,126,211,1406,926,2681,7007,12362,7272,27048,19708,로버트저메키스 조디포스터 매튜맥커너히 윌리엄피츠너 12세관람가 SF 미국
355,피아니스트의 전설,4.0,4.07597,,45368.0,15525.0,602.0,123.0,1998.0,121,136,621,497,1140,3574,5496,4551,15125,14107,쥬세페토르나토레 팀로스 프루이트테일러빈스 멜라니티에리 15세관람가 드라마 이탈리아
356,마이너리티 리포트,4.0,3.98606,,286830.0,20164.0,1464.0,145.0,2002.0,375,528,1850,3209,5848,26364,43572,22589,116388,66107,스티븐스필버그 톰크루즈 콜린파렐 막스폰시도우 15세관람가 SF 미국
357,중경삼림,5.0,3.98237,,81202.0,13844.0,1703.0,101.0,1994.0,187,230,1362,1013,2529,7110,11668,7684,27615,21804,왕가위 양조위 왕비 금성무 15세관람가 드라마 홍콩
358,시간을 달리는 소녀,4.0,4.02359,,424414.0,14639.0,2828.0,97.0,2006.0,832,1189,3702,5697,10566,35681,60970,34154,152720,118903,호소다마모루 나카리이사 이시다타쿠야 하라사치에 전체관람가 애니메이션 일본
359,아마데우스,4.0,4.03018,4.0,149600.0,15118.0,1410.0,158.0,1984.0,290,359,1947,1608,3712,11697,20207,13640,54812,41328,밀로스포먼 F머레이에이브러햄 톰헐스 엘리자베스베리지 전체관람가 드라마 미국
360,모노노케 히메,5.0,4.03719,,287920.0,10960.0,1449.0,135.0,1997.0,774,906,3446,3737,7920,21949,40465,21740,98905,88078,미야자키하야오 클레어데인즈 마츠다요지 빌리크루덥 전체관람가 애니메이션 일본
361,아이덴티티,5.0,4.05722,,244219.0,18457.0,1953.0,90.0,2003.0,559,588,3099,3002,6341,19183,32015,21644,83127,74661,제임스맨골드 존쿠삭 레이리오타 아만다피트 15세관람가 스릴러 미국
362,타인의 삶,5.0,4.08585,,52190.0,36856.0,1231.0,137.0,2006.0,121,139,867,483,1469,3780,5596,6844,17324,15567,플로리안헨켈폰도너스... 울리쉬뮤흐 마르티나게덱 세바스티안코치 15세관람가 드라마 독일
363,토이 스토리,3.0,4.035,,376262.0,5276.0,1392.0,77.0,1995.0,736,1041,3586,4618,9728,28332,55722,27035,133502,111962,존라세터 톰행크스 팀알렌 애니파츠 전체관람가 애니메이션 미국
364,라이언 일병 구하기,3.0,4.11414,,276686.0,16758.0,1390.0,170.0,1998.0,609,692,3680,2505,7508,15585,34289,22226,93439,96153,스티븐스필버그 톰행크스 에드워드번즈 맷데이먼 15세관람가 전쟁 미국
365,라이프 오브 파이,5.0,3.98728,,280306.0,36774.0,4481.0,127.0,2012.0,1115,1361,4251,4957,9519,25010,37694,32502,87366,76531,이안 수라즈샤르마 이르판칸 라프스팰 전체관람가 드라마 미국
366,아이언맨,4.0,4.13979,,594134.0,4370.0,2004.0,125.0,2008.0,977,1196,4645,6219,11451,42507,72667,38092,206135,210245,존파브로 로버트다우니주니어 기네스팰트로우 테렌스하워드 12세관람가 SF 미국
367,죽은 시인의 사회,4.0,4.2235,,281540.0,36675.0,2496.0,127.0,1989.0,636,545,3149,2040,5354,15502,26961,27627,89067,110659,피터위어 로빈윌리엄스 에단호크 로버트숀레오나드 전체관람가 드라마 미국
368,파이트 클럽,4.0,4.14653,4.0,205994.0,23250.0,2754.0,139.0,1999.0,461,467,3261,1745,5785,11734,22579,21577,63830,74555,데이빗핀처 브래드피트 에드워드노튼 헬레나본햄카터 청소년관람불가 액션 미국 독일
369,글래디에이터,4.0,4.14515,,269478.0,10393.0,1194.0,154.0,2000.0,530,569,2450,2364,5108,17292,31611,21919,94908,92727,리들리스콧 러셀크로우 호아킨피닉스 코니닐슨 15세관람가 액션 미국 영국
370,본 아이덴티티,4.0,4.13832,,305371.0,13331.0,1346.0,118.0,2002.0,597,573,3201,2784,6563,19787,36344,20765,106303,108454,더그라이만 맷데이먼 프랑카포텐테 크리스쿠퍼 12세관람가 액션 미국 체코
371,세 얼간이,3.0,4.16428,,559242.0,15652.0,3345.0,141.0,2009.0,2026,2121,8404,7329,16272,33252,60354,50171,154591,224722,라지쿠마르히라니 아미르칸 마드하반 셔먼조쉬 12세관람가 드라마 인도
372,서유기 2 - 선리기연,5.0,4.02658,,47749.0,2234.0,636.0,99.0,1994.0,252,171,1620,563,1951,2620,5932,3199,13624,17817,유진위 주성치 주인 나가영 15세관람가 코미디 홍콩
373,포레스트 검프,5.0,4.29332,,334156.0,31536.0,2315.0,142.0,1994.0,576,544,2633,2239,4892,16262,28381,31251,104163,143215,로버트저메키스 톰행크스 로빈라이트 게리시나이즈 12세관람가 드라마 미국
374,인생은 아름다워,3.0,4.39753,,322293.0,33733.0,2529.0,116.0,1997.0,676,497,3202,1959,4694,11282,22444,31120,80206,166213,로베르토베니니 로베르토베니니 니콜레타브라스치 마리사파레데스 전체관람가 드라마 이탈리아
375,매트릭스,5.0,4.1953,,414450.0,12171.0,2047.0,136.0,1999.0,674,852,3576,3588,8900,22035,47903,33448,132079,161395,앤디워쇼스키 키아누리브스 로렌스피쉬번 캐리앤모스 12세관람가 SF 미국
376,이상한 나라의 앨리스,3.0,3.31026,,259550.0,5951.0,1174.0,108.0,2010.0,1517,3440,8220,14774,28603,27042,79344,6737,61259,28614,팀버튼 조니뎁 앤해서웨이 헬레나본햄카터 전체관람가 판타지 미국
377,나잇 & 데이,3.0,3.33055,,154061.0,3188.0,835.0,109.0,2010.0,747,1598,4505,7109,15374,17569,48357,3776,41363,13663,제임스맨골드 톰크루즈 카메론디아즈 폴다노 15세관람가 액션 미국
378,우주 전쟁,3.0,3.32315,,220977.0,2490.0,1172.0,116.0,2005.0,1274,2516,7068,10924,22244,25931,66725,6644,57995,19656,스티븐스필버그 톰크루즈 저스틴채트윈 다코타패닝 12세관람가 SF 미국
379,부당거래,3.0,3.8242,,254399.0,13829.0,1947.0,119.0,2010.0,598,949,3742,4478,10254,23374,48571,16570,95674,50189,류승완 황정민 류승범 유해진 청소년관람불가 범죄 한국
380,호빗: 뜻밖의 여정,4.0,3.74929,,259784.0,10903.0,1756.0,169.0,2012.0,1290,1734,6420,6463,14229,27181,49005,14642,82378,56442,피터잭슨 마틴프리먼 이안맥켈런 리처드아미티지 12세관람가 판타지 미국 뉴질랜드
381,맨 인 블랙 3,3.0,3.67057,,293058.0,5960.0,780.0,106.0,2012.0,894,1766,5070,8787,17973,28189,71620,11229,92058,55472,베리소넨필드 윌스미스 토미리존스 조슈브롤린 12세관람가 SF 미국
382,완득이,3.0,3.44705,,447775.0,5325.0,1386.0,107.0,2011.0,2313,4275,9472,19306,33482,51592,133367,11873,133551,48544,이한 김윤석 유아인 이자스민 12세관람가 드라마 한국
383,아이언맨 2,4.0,3.90757,2.0,489838.0,3630.0,1482.0,125.0,2010.0,1196,2349,5303,12134,20021,43104,88006,21308,158748,137669,존파브로 로버트다우니주니어 기네스팰트로우 미키루크 12세관람가 SF 미국
384,연가시,2.0,2.91864,,381110.0,1549.0,1322.0,109.0,2012.0,8528,9997,29091,26259,61920,29458,119447,4865,66512,25033,박정우 김명민 문정희 김동완 15세관람가 스릴러 한국
385,쿵푸팬더,2.0,3.75018,4.0,484136.0,1880.0,1172.0,92.0,2008.0,1140,2166,6076,10762,20579,49670,109556,19672,175952,88563,마크오스본 이안맥쉐인 데이빗크로스 세스로건 전체관람가 애니메이션 미국
386,2012,2.0,3.37832,,324902.0,2805.0,1352.0,157.0,2009.0,2247,4043,10122,15289,31681,31981,93932,9123,88533,37951,롤랜드에머리히 존쿠삭 아만다피트 탠디뉴튼 12세관람가 SF 미국 캐나다
387,화려한 휴가,1.0,3.61998,,364133.0,5466.0,1112.0,125.0,2007.0,2693,2406,9841,10492,21863,35048,86590,15926,116944,62330,김지훈 김상경 이요원 안성기 12세관람가 드라마 한국
388,악마를 보았다,3.0,3.67041,,342655.0,7218.0,2075.0,144.0,2010.0,3448,2532,13296,8434,21901,28555,66325,17557,107109,73498,김지운 이병헌 최민식 천호진 청소년관람불가 공포 한국
389,투모로우,3.0,3.66202,,398530.0,5491.0,1144.0,123.0,2004.0,937,2065,4489,11897,19252,47066,99672,18368,137147,57637,롤랜드에머리히 데니스퀘이드 제이크질렌할 이안홈 12세관람가 SF 미국
390,비열한 거리,4.0,3.63347,,242460.0,7802.0,749.0,141.0,2006.0,851,1470,4534,6342,14365,23219,61617,7800,83417,38845,유하 조인성 천호진 남궁민 청소년관람불가 범죄 한국
391,나의 PS 파트너,3.0,3.20358,,293205.0,5079.0,981.0,114.0,2012.0,3915,6384,14005,17711,36019,25800,85172,5441,66950,31808,변성현 지성 김아중 강경준 청소년관람불가 로맨틱 코미디 한국
392,혈의 누,1.0,3.00194,,120216.0,1702.0,265.0,119.0,2005.0,1011,1866,7072,6408,18872,9581,44582,1165,24110,5549,김대승 차승원 박용우 지성 청소년관람불가 스릴러 한국
393,박수칠 때 떠나라,4.0,3.18567,,118056.0,3295.0,491.0,115.0,2005.0,828,1549,4980,6125,14290,12052,39576,2372,28520,7764,장진 차승원 신하균 신구 15세관람가 코미디 한국
394,"달콤, 살벌한 연인",3.0,3.06479,,149535.0,1495.0,381.0,110.0,2006.0,1368,2502,8431,7489,22493,11973,51199,1568,33468,9044,손재곤 박용우 최강희 조은지 청소년관람불가 로맨틱 코미디 한국
395,이글 아이,3.0,3.27754,,104426.0,2704.0,395.0,117.0,2008.0,417,1099,3142,5058,10868,10600,35935,1921,27604,7782,D.J.카루소 샤이아라보프 미쉘모나한 에단엠브리 12세관람가 SF 미국
396,테이큰 2,2.0,3.37517,,213417.0,5129.0,1260.0,92.0,2012.0,1314,3477,5265,13273,21181,24971,59114,6188,52054,26580,올리비에메가턴 리암니슨 매기그레이스 팜케얀센 청소년관람불가 액션 프랑스
397,음란서생,2.0,2.8175,,110861.0,1261.0,274.0,139.0,2006.0,2009,3144,9117,7443,21778,7134,36976,810,16486,5964,김대우 한석규 이범수 김민정 12세관람가 코미디 한국
398,포세이돈,3.0,3.19552,,46107.0,1548.0,202.0,98.0,2006.0,254,661,1473,2883,5349,5144,15962,842,10516,3023,볼프강페터젠 조쉬루카스 커트러셀 리처드드레이퍼스 12세관람가 액션 미국
399,미인도,2.0,2.70838,,118262.0,1251.0,353.0,108.0,2008.0,2360,3912,11339,8486,26942,6103,38028,780,13748,6564,전윤수 김규리 김영호 김남길 청소년관람불가 로맨스 멜로 한국
400,이웃사람,1.0,3.33938,,327733.0,5032.0,1183.0,110.0,2012.0,1989,3997,9666,16577,31788,33460,102027,7327,87937,32965,김휘 김윤진 마동석 천호진 청소년관람불가 스릴러 한국
401,엑스맨: 퍼스트 클래스,3.0,3.95766,4.0,318651.0,7296.0,2026.0,132.0,2011.0,613,913,3371,4421,9301,28031,51310,24844,116710,79137,매튜본 제임스맥어보이 마이클패스벤더 케빈베이컨 12세관람가 판타지 미국
402,1번가의 기적,1.0,2.89138,,118310.0,744.0,306.0,113.0,2007.0,1961,2886,9659,7325,20436,8494,39034,1265,20845,6405,윤제균 임창정 하지원 강예원 15세관람가 코미디 한국
403,고지전,1.0,3.49318,,302617.0,3902.0,1186.0,133.0,2011.0,1387,2164,7857,9722,22027,32414,84660,9616,97612,35158,장훈 고수 신하균 류승룡 15세관람가 전쟁 한국
404,마더,2.0,3.50151,,247970.0,11139.0,1854.0,128.0,2009.0,1010,1750,6508,7172,20211,24673,68249,11875,76990,29532,봉준호 김혜자 원빈 진구 청소년관람불가 스릴러 한국
405,오싹한 연애,1.0,3.25816,,311284.0,2914.0,846.0,114.0,2011.0,2753,5028,12449,16898,35529,29346,94560,5923,77567,31231,황인호 손예진 이민기 신성훈 12세관람가 로맨틱 코미디 한국
406,하모니,1.0,3.66663,2.0,347077.0,3670.0,885.0,115.0,2009.0,2589,3640,9473,11854,23719,29411,74247,15196,99472,77476,강대규 김윤진 나문희 정수영 12세관람가 드라마 한국
407,헬로우 고스트,3.0,3.41475,,316471.0,2601.0,1219.0,111.0,2010.0,2409,4170,11565,13839,30415,30833,83881,10950,84486,43923,김영탁 차태현 강예원 고창석 12세관람가 코미디 한국
408,해리 포터와 불사조 기사단,4.0,3.78004,,380267.0,2166.0,801.0,137.0,2007.0,1321,1890,6665,9987,18294,36188,84004,14754,114780,92384,데이빗예이츠 다니엘래드클리프 엠마왓슨 루퍼트그린트 전체관람가 판타지 미국 영국
409,해리 포터와 마법사의 돌,4.0,4.03751,,508391.0,2078.0,1857.0,152.0,2001.0,1349,1682,7099,6704,16416,35396,75933,32174,161435,170203,크리스콜럼버스 다니엘래드클리프 루퍼트그린트 엠마왓슨 전체관람가 판타지 영국 미국
410,쌍화점,2.0,2.8053,,260712.0,1975.0,798.0,133.0,2008.0,5825,7801,21072,18959,50559,17265,85710,2303,36819,14399,유하 조인성 주진모 송지효 청소년관람불가 드라마 한국
411,신기전,1.0,3.06037,,157713.0,950.0,450.0,134.0,2008.0,1515,2862,8509,9753,23295,13566,53535,2129,32345,10204,김유진 정재영 한은정 허준호 15세관람가 전쟁 한국
412,우리 생애 최고의 순간,1.0,3.41702,,272301.0,2210.0,454.0,124.0,2007.0,1520,2543,8136,10333,23253,27111,82344,7091,78244,31726,임순례 문소리 김정은 엄태웅 15세관람가 드라마 한국
413,댄싱퀸,1.0,3.22632,,278549.0,1947.0,776.0,124.0,2012.0,2461,4481,10878,16397,31059,27844,88809,5771,67333,23516,이석훈 황정민 엄정화 이대연 12세관람가 코미디 한국
414,스파이더맨 3,2.0,3.63347,,325364.0,2939.0,902.0,139.0,2007.0,1100,2171,5308,11145,19845,32222,85054,10184,99960,58375,샘레이미 토비맥과이어 커스틴던스트 제임스프랭코 12세관람가 판타지 미국
415,동갑내기 과외하기,2.0,3.02622,,383315.0,1449.0,659.0,110.0,2003.0,4905,7890,21657,23160,57763,30874,131537,4249,77494,23786,김경형 김하늘 권상우 김혜옥 12세관람가 로맨틱 코미디 한국
416,추격자,4.0,4.14751,,567660.0,10302.0,2355.0,123.0,2008.0,1203,1045,5425,4993,10855,36212,61362,44011,209243,193311,나홍진 김윤석 하정우 서영희 청소년관람불가 스릴러 한국
417,캐리비안의 해적 - 세상의 끝에서,5.0,3.89595,3.0,400563.0,5041.0,776.0,168.0,2007.0,905,1503,4799,8028,14753,34049,76455,18459,136148,105464,고어버빈스키 조니뎁 올랜도블룸 키이라나이틀리 12세관람가 판타지 미국
418,반지의 제왕 2 - 두 개의 탑,5.0,4.09081,,384699.0,4941.0,1190.0,177.0,2002.0,1095,1134,5860,4210,12084,22580,51302,25916,121204,139314,피터잭슨 일라이저우드 비고모텐슨 올랜도볼룸 12세관람가 판타지 뉴질랜드 미국
419,타이타닉,4.0,4.31153,,654853.0,14918.0,2895.0,195.0,1997.0,668,790,3526,3769,8881,29722,61172,54869,200584,290872,제임스카메론 레오나르도디카프리오 케이트윈슬렛 글로리아스튜어트 15세관람가 로맨스 멜로 미국
420,투사부일체,1.0,2.6833,1.0,125681.0,312.0,533.0,124.0,2005.0,2967,3421,16360,6294,26382,6467,37576,731,20278,5205,김동원 정준호 김상중 정웅인 15세관람가 코미디 한국
421,미션 임파서블 3,3.0,3.86842,4.0,274707.0,4885.0,830.0,124.0,2006.0,415,724,2355,4451,7965,26810,55042,13092,105210,58643,J.J.에이브럼스 톰크루즈 필립세이모어호프만 빙라메스 15세관람가 액션 미국
422,의형제,2.0,3.51904,3.0,349977.0,5257.0,962.0,116.0,2010.0,1066,2505,4929,13044,21154,44172,102333,10859,112590,37325,장훈 송강호 강동원 박혁권 15세관람가 액션 한국
423,타워,1.0,3.26859,,239308.0,3605.0,1046.0,121.0,2012.0,3205,4572,11707,12999,26963,22383,65138,6292,56692,29357,김지훈 설경구 손예진 김상경 12세관람가 액션 한국
424,타짜,4.0,4.0951,,551793.0,11022.0,2772.0,139.0,2006.0,1029,1397,4894,6296,12728,37583,72187,42457,194552,178670,최동훈 조승우 김혜수 백윤식 청소년관람불가 드라마 한국
425,레미제라블,4.0,3.99482,,489927.0,22608.0,3372.0,158.0,2012.0,2102,2495,8575,9226,18832,39843,69309,40543,141971,157031,톰후퍼 휴잭맨 러셀크로우 앤해서웨이 12세관람가 드라마 영국
426,인셉션,5.0,4.3494,,681147.0,17687.0,5611.0,147.0,2010.0,1097,1240,5343,4775,12198,27057,56787,67453,176077,329120,크리스토퍼놀란 레오나르도디카프리오 마리옹꼬띠아르 조셉고든레빗 12세관람가 SF 미국 영국
427,전우치,4.0,3.27914,,522540.0,1996.0,1765.0,136.0,2009.0,3950,7335,18869,27105,58579,50842,162763,11155,129041,52901,최동훈 강동원 김윤석 임수정 12세관람가 판타지 한국
428,최종병기 활,3.0,3.61536,,467371.0,3811.0,1713.0,122.0,2011.0,2354,3551,8696,15091,27650,50748,113286,19304,156453,70238,김한민 박해일 류승룡 문채원 청소년관람불가 전쟁 한국
429,트랜스포머,4.0,3.94416,2.0,546960.0,1917.0,1881.0,135.0,2007.0,2454,2834,9318,10007,21965,40146,88064,27999,178142,166031,마이클베이 피터쿨렌 휴고위빙 마크라이언 12세관람가 SF 미국
430,미션 임파서블 : 고스트 프로토콜,4.0,3.92735,,375748.0,6091.0,1510.0,132.0,2011.0,568,889,3140,5609,10022,36958,64468,22227,145229,86638,브래드버드 톰크루즈 제레미레너 레아세이두 15세관람가 액션 미국
431,트랜스포머 3,4.0,3.56663,2.0,454683.0,1730.0,1406.0,152.0,2011.0,5155,6281,17557,17394,40058,30178,101756,10829,118686,106789,마이클베이 제임스에이버리 레너드니모이 휴고위빙 12세관람가 SF 미국
432,작업의 정석,3.0,2.96827,,168902.0,1504.0,305.0,100.0,2005.0,1807,3380,10445,10207,28714,12146,59417,1427,32062,9297,오기환 손예진 송일국 안선영 15세관람가 로맨틱 코미디 한국
433,댄서의 순정,1.0,2.7966,,129124.0,704.0,270.0,110.0,2005.0,2332,4431,8660,11649,24145,11101,43707,1305,17596,4198,박영훈 문근영 박건형 박원상 12세관람가 로맨스 멜로 한국
434,연애의 온도,2.0,3.45453,,276007.0,11743.0,2121.0,112.0,2012.0,1750,2928,7476,11510,21556,35296,74257,11101,78239,31894,노덕 김민희 이민기 최무성 청소년관람불가 로맨스 멜로 한국
435,애자,2.0,3.38084,,70928.0,2914.0,275.0,110.0,2009.0,496,905,2176,3488,6278,8330,20308,2391,18923,7633,정기훈 최강희 김영애 배수빈 15세관람가 드라마 한국
436,코리아,1.0,3.34347,,156550.0,2406.0,597.0,127.0,2012.0,1486,2356,6002,8063,15451,15859,44124,4720,39419,19070,문현성 하지원 배두나 최윤영 12세관람가 드라마 한국
437,귀신이 산다,3.0,2.81053,,287777.0,345.0,686.0,123.0,2004.0,6039,9523,23786,22698,52351,23450,90296,3163,43081,13390,김상진 차승원 장서희 장현성 12세관람가 코미디 한국
438,본 얼티메이텀,4.0,4.15796,4.0,295293.0,13741.0,1423.0,115.0,2007.0,590,576,2944,2625,6233,17874,34826,20776,100119,108730,폴그린그래스 맷데이먼 줄리아스타일즈 데이빗스트라탄 12세관람가 액션 미국 독일
439,트로이,3.0,3.6674,,217565.0,4352.0,735.0,163.0,2004.0,401,989,3087,5474,10958,22994,55656,8682,75668,33656,볼프강페터젠 숀빈 브렌단글리슨 세프론버로우스 15세관람가 판타지 미국
440,300,3.0,3.82897,,355913.0,6086.0,1514.0,116.0,2006.0,1440,1864,6738,7497,15872,30713,67048,17955,121460,85326,잭스나이더 제라드버틀러 레나헤디 데이빗웬햄 청소년관람불가 액션 미국
441,공공의 적 2,4.0,3.27999,,190912.0,1471.0,419.0,148.0,2005.0,1503,2570,8438,8152,23439,15136,56781,3013,50392,21488,강우석 설경구 정준호 강신일 15세관람가 드라마 한국
442,미녀는 괴로워,4.0,3.43045,,610004.0,991.0,1342.0,120.0,2006.0,2951,5783,13890,25860,50662,62480,185491,14802,179537,68548,김용화 김아중 주진모 김현숙 12세관람가 로맨틱 코미디 한국
443,해리 포터와 죽음의 성물 - 2부,4.0,3.94171,,392068.0,3909.0,1673.0,131.0,2011.0,1233,1621,6748,7216,16109,29988,68095,22479,117669,120910,데이빗예이츠 다니엘래드클리프 엠마왓슨 루퍼트그린트 전체관람가 판타지 영국 미국
444,뉴 문,3.0,3.3316,,305009.0,2158.0,650.0,130.0,2009.0,6200,5916,19513,13350,34811,20794,71232,6664,67326,59203,크리스웨이츠 로버트패틴슨 크리스틴스튜어트 엘리자베스리저 12세관람가 판타지 미국
445,맨 인 블랙 2,3.0,3.71971,,284963.0,4557.0,487.0,88.0,2002.0,617,1405,2906,7553,13074,31338,67954,10194,99446,50476,베리소넨필드 토미리존스 윌스미스 조니녹스빌 12세관람가 SF 미국
446,내 머리 속의 지우개,3.0,3.72241,,316022.0,12188.0,1049.0,117.0,2004.0,1367,2106,6501,8344,18641,27238,69558,14607,100181,67479,이재한 정우성 손예진 이선진 12세관람가 로맨스 멜로 한국
447,엑스맨 - 최후의 전쟁,2.0,3.67682,,246529.0,3458.0,839.0,103.0,2006.0,1135,1906,5077,7726,14922,21257,58014,8019,78144,50329,브렛래트너 휴잭맨 할리베리 이안맥켈런 12세관람가 SF 미국
448,원티드,3.0,3.65526,,267642.0,6016.0,1368.0,110.0,2008.0,710,1478,3716,7938,14078,30224,65697,11300,92216,40285,티무르베크맘베토브 제임스맥어보이 모건프리먼 안젤리나졸리 청소년관람불가 액션 미국 독일
449,광식이 동생 광태,2.0,2.79245,,130176.0,1526.0,387.0,104.0,2005.0,2046,3310,11076,8135,26286,8562,44937,929,19937,4958,김현석 김주혁 봉태규 정경호 15세관람가 로맨틱 코미디 한국
450,세븐 데이즈,2.0,3.5326,,201751.0,4186.0,483.0,125.0,2007.0,810,1437,4710,6533,14485,20186,55083,6929,64848,26730,원신연 김윤진 박희순 김미숙 청소년관람불가 스릴러 한국
451,쩨쩨한 로맨스,3.0,2.98451,,134613.0,2148.0,401.0,118.0,2010.0,1765,3068,8106,9245,21359,10784,45311,1402,25576,7997,김정훈 이선균 최강희 오정세 청소년관람불가 로맨틱 코미디 한국
452,이클립스,3.0,3.43617,,256344.0,2555.0,537.0,124.0,2010.0,5035,4718,13582,11133,24139,19493,57661,6726,59188,54669,데이비드슬레이드 로버트패틴슨 크리스틴스튜어트 테일러로트너 12세관람가 판타지 미국
453,박쥐,2.0,3.1077,,197323.0,9820.0,1583.0,133.0,2009.0,2389,3493,12643,9715,29597,18253,57335,6985,41282,15631,박찬욱 송강호 김옥빈 송영창 청소년관람불가 스릴러 한국
454,셜록홈즈 : 그림자 게임,3.0,3.67752,,264208.0,11493.0,875.0,128.0,2011.0,903,1815,4476,8240,15694,26515,62224,10246,84128,49967,가이리치 로버트다우니주니어 주드로 누미라파스 15세관람가 액션 미국
455,내 생애 가장 아름다운 일주일,3.0,3.24995,,103103.0,2610.0,243.0,129.0,2005.0,768,1380,4297,4954,11701,9227,33670,1985,25317,9804,민규동 주현 오미희 엄정화 15세관람가 로맨틱 코미디 한국
456,테이큰,3.0,4.09672,,504155.0,10691.0,2479.0,93.0,2008.0,810,1212,3560,6790,9885,41272,64469,36431,177774,161952,피에르모렐 리암니슨 매기그레이스 릴랜드오서 청소년관람불가 액션 프랑스
457,7광구,1.0,1.75753,,85970.0,419.0,1309.0,112.0,2011.0,11691,4643,27785,3606,19770,1505,12434,127,3262,1147,김지훈 하지원 안성기 오지호 15세관람가 SF 한국
458,가문의 영광 4 - 가문의 수난,1.0,2.23151,,41326.0,174.0,284.0,103.0,2011.0,2547,1326,11235,1567,8706,1205,8660,182,4092,1806,정태원 김수미 신현준 탁재훈 15세관람가 코미디 한국
459,하울의 움직이는 성,4.0,4.20534,,621710.0,8440.0,2929.0,119.0,2004.0,849,1260,4270,6018,11534,38635,67738,49771,200281,241354,미야자키하야오 손정아 김영선 성선녀 전체관람가 애니메이션 일본
460,화차,4.0,3.30847,,238893.0,6417.0,1415.0,117.0,2012.0,1388,2371,9240,9004,25068,26103,72305,6352,67941,19121,변영주 이선균 김민희 조성하 15세관람가 스릴러 한국
461,반창꼬,3.0,3.50538,,319169.0,5985.0,1229.0,120.0,2012.0,2732,4211,9887,13953,24982,30795,79820,10418,89648,52723,정기훈 고수 한효주 김성오 15세관람가 로맨스 멜로 한국
462,나는 전설이다,4.0,3.57933,,351919.0,4480.0,1305.0,97.0,2007.0,1233,2391,6567,11670,23664,37857,91979,13859,111891,50808,프란시스로렌스 윌스미스 앨리스브라가 찰리타핸 12세관람가 SF 미국
463,우리들의 행복한 시간,3.0,3.60441,,310933.0,9237.0,906.0,120.0,2006.0,1520,2551,6207,10947,20384,32030,78362,12611,93701,52620,송해성 강동원 이나영 강신일 15세관람가 드라마 한국
464,위험한 상견례,1.0,3.01242,,186976.0,1430.0,555.0,118.0,2011.0,2742,4109,13227,11398,28346,16272,57359,2790,37956,12777,김진영 송새벽 이시영 백윤식 12세관람가 코미디 한국
465,마파도,1.0,2.78611,,160003.0,446.0,295.0,105.0,2005.0,3473,5226,12905,12631,30132,12181,52360,1423,23059,6613,추창민 이정진 이문식 김수미 15세관람가 코미디 한국
466,후궁 : 제왕의 첩,1.0,2.62088,,174162.0,1499.0,575.0,122.0,2012.0,5149,6809,21595,12107,41009,7511,48434,1117,19064,11367,김대승 조여정 김동욱 김민준 청소년관람불가 스릴러 한국
467,가문의 부활 - 가문의 영광 3,1.0,2.30139,,49501.0,117.0,239.0,128.0,2006.0,2294,1974,10874,2424,11614,1543,12501,156,4559,1562,정용기 신현준 탁재훈 김원희 15세관람가 코미디 한국
468,시라노; 연애조작단,4.0,3.32162,4.0,456538.0,4263.0,1177.0,117.0,2010.0,3048,5768,14707,21668,46945,43401,143152,9588,122528,45733,김현석 엄태웅 이민정 박신혜 12세관람가 로맨틱 코미디 한국
469,브레이킹 던 part2,1.0,3.58844,,252706.0,3936.0,781.0,115.0,2012.0,4942,3923,12249,9128,19566,19253,47668,9336,61383,65258,빌콘돈 로버트패틴슨 크리스틴스튜어트 테일러로트너 15세관람가 판타지 미국
470,미스터 & 미세스 스미스,4.0,3.65016,,344494.0,6876.0,1002.0,119.0,2005.0,666,1533,4028,9550,16819,38726,90918,11944,120299,50011,더그라이만 브래드피트 안젤리나졸리 애덤브로디 15세관람가 액션 미국
471,해리 포터와 죽음의 성물 - 1부,4.0,3.84173,,361243.0,2977.0,785.0,146.0,2010.0,1252,1768,6389,8544,16135,33381,71666,16768,109264,96076,데이빗예이츠 다니엘래드클리프 엠마왓슨 루퍼트그린트 전체관람가 판타지 영국 미국
472,솔트,3.0,3.32061,,202369.0,3651.0,698.0,99.0,2010.0,976,2276,5376,10056,20762,20440,65778,4395,54182,18128,필립노이스 안젤리나졸리 리브슈라이버 치웨텔에지오포 15세관람가 액션 미국
473,방자전,3.0,2.97868,,253594.0,1728.0,753.0,124.0,2010.0,4279,6782,15951,16806,42049,18548,82194,3080,44029,19876,김대우 조여정 김주혁 류승범 청소년관람불가 드라마 한국
474,친절한 금자씨,2.0,3.49795,4.0,275442.0,12673.0,1792.0,112.0,2005.0,1428,1982,9550,6934,23294,26082,71763,13216,85645,35548,박찬욱 이영애 최민식 김시후 청소년관람불가 스릴러 한국
475,퀵,1.0,2.90859,,341313.0,1008.0,1016.0,115.0,2011.0,8613,9764,29830,22632,56660,24693,97289,4324,61267,26241,조범구 이민기 강예원 김인권 15세관람가 액션 한국
476,캐리비안의 해적: 낯선 조류,4.0,3.78881,2.0,341778.0,4488.0,754.0,137.0,2011.0,1083,1930,5168,9544,16891,30515,72560,12911,109766,81410,롭마샬 조니뎁 페넬로페크루즈 제프리러쉬 12세관람가 판타지 미국
477,아일랜드,5.0,3.73439,,324165.0,7397.0,1369.0,136.0,2005.0,584,1214,3193,7469,12313,38345,72485,17411,123842,47309,마이클베이 이완맥그리거 스칼렛요한슨 스티브부세미 12세관람가 SF 미국
478,해리 포터와 불의 잔,4.0,3.83282,,402049.0,1923.0,829.0,156.0,2005.0,1221,1764,6264,9101,16788,37631,83216,17778,127363,100923,마이크뉴웰 다니엘래드클리프 엠마왓슨 루퍼트그린트 12세관람가 판타지 영국 미국
479,반지의 제왕 - 반지 원정대,5.0,4.07742,,396201.0,5073.0,1511.0,178.0,2001.0,1202,1256,6398,4574,12785,23963,53262,27965,123927,140869,피터잭슨 일라이저우드 비고모텐슨 올랜도블룸 12세관람가 판타지 뉴질랜드 미국
480,7급 공무원,1.0,3.12789,,390745.0,1619.0,735.0,112.0,2009.0,4240,7025,19592,22416,51750,33274,128972,5537,87580,30359,신태라 김하늘 강지환 류승룡 12세관람가 코미디 한국
481,색즉시공,1.0,2.81945,,208478.0,535.0,466.0,96.0,2002.0,6031,6094,22036,11816,38023,12028,59923,1881,35625,15021,윤제균 임창정 하지원 진재영 청소년관람불가 코미디 한국
482,태풍,1.0,2.51407,2.0,66575.0,719.0,298.0,124.0,2005.0,1611,2695,7978,5224,17459,3172,20102,300,6348,1686,곽경택 장동건 이정재 이미연 15세관람가 액션 한국
483,다크 나이트,5.0,4.33249,,576030.0,11158.0,4430.0,152.0,2008.0,1043,1173,5123,4463,10993,23660,51755,47656,148340,281824,크리스토퍼놀란 크리스찬베일 히스레저 아론에크하트 15세관람가 판타지 미국
484,박물관이 살아있다!,2.0,3.44169,,419964.0,1874.0,928.0,108.0,2006.0,1419,3285,8618,16162,33362,48925,130682,11524,120836,45151,숀레비 벤스틸러 로빈윌리엄스 오웬윌슨 전체관람가 판타지 미국 영국
485,캐리비안의 해적 - 망자의 함,5.0,3.90615,,416282.0,4331.0,742.0,143.0,2006.0,893,1429,4599,7441,13954,36906,77279,19370,147910,106501,고어버빈스키 조니뎁 키이라나이틀리 올랜도블룸 12세관람가 판타지 미국
486,도가니,3.0,3.57564,,423056.0,5850.0,1263.0,125.0,2011.0,2710,2919,11572,12423,27399,42216,107641,16536,133581,66059,황동혁 공유 정유미 장광 청소년관람불가 드라마 한국
487,조선명탐정: 각시투구꽃의 비밀,3.0,3.23239,,338431.0,2476.0,1057.0,115.0,2011.0,2897,4927,13373,17560,39823,32867,107866,6798,82527,29793,김석윤 김명민 오달수 한지민 12세관람가 코미디 한국
488,어메이징 스파이더맨,1.0,3.64061,3.0,366199.0,4073.0,1643.0,136.0,2012.0,1522,2599,6969,11974,21753,40773,88534,14427,113389,64259,마크웹 앤드류가필드 엠마스톤 마틴쉰 12세관람가 액션 미국
489,엽기적인 그녀,5.0,3.81837,,521848.0,7223.0,1532.0,122.0,2001.0,1479,2327,7650,10449,23106,44037,106828,22995,184654,118323,곽재용 전지현 차태현 현숙희 15세관람가 로맨틱 코미디 한국
490,바람과 함께 사라지다,2.0,3.15909,,291698.0,1907.0,820.0,121.0,2012.0,3329,5344,15236,16870,39005,25588,89167,5577,63409,28173,김주호 차태현 오지호 성동일 12세관람가 코미디 한국
491,가문의 영광,1.0,2.73832,,96219.0,219.0,382.0,115.0,2002.0,1546,1801,12635,4288,18546,4781,31658,439,16747,3778,정흥순 정준호 김정은 유동근 15세관람가 로맨틱 코미디 한국
492,가문의 위기 - 가문의 영광 2,1.0,2.42363,1.0,96499.0,205.0,348.0,115.0,2005.0,2972,3068,18355,4736,23289,3631,26537,267,10722,2922,정용기 신현준 김원희 김수미 15세관람가 코미디 한국
493,조폭 마누라,1.0,2.62852,,132009.0,302.0,438.0,105.0,2001.0,3263,3825,16085,8455,28574,7748,42357,759,16999,3944,조진규 신은경 박상면 안재모 15세관람가 코미디 한국
494,살인의 추억,5.0,4.10949,,444483.0,18595.0,2685.0,132.0,2003.0,868,964,4636,4010,10068,27600,54166,40152,159996,142023,봉준호 송강호 김상경 박해일 15세관람가 스릴러 한국
495,반지의 제왕 3 - 왕의 귀환,5.0,4.15534,5.0,414806.0,4671.0,1714.0,199.0,2003.0,1151,1126,6570,3971,12171,20815,51167,28800,120551,168484,피터잭슨 일라이저우드 비고모텐슨 이안맥켈런 12세관람가 판타지 뉴질랜드 미국
496,쉬리,3.0,3.72624,,229310.0,8182.0,666.0,115.0,1998.0,499,807,2942,4044,9780,22697,52934,9642,91123,34842,강제규 한석규 최민식 송강호 15세관람가 액션 한국
497,친구,3.0,3.81506,,363653.0,6959.0,901.0,115.0,2001.0,1587,2067,7865,7182,19400,26033,71911,16011,118161,93436,곽경택 유오성 장동건 기주봉 청소년관람불가 범죄 한국
498,실미도,4.0,3.69916,,435435.0,4271.0,864.0,135.0,2003.0,1882,2505,9172,10003,24094,38245,98040,18338,152691,80465,강우석 설경구 안성기 정재영 15세관람가 액션 한국
499,태극기 휘날리며,4.0,3.88916,,558934.0,3872.0,1311.0,145.0,2003.0,1614,2352,8362,9718,24051,42770,102782,30803,190456,146026,강제규 장동건 원빈 이은주 15세관람가 전쟁 한국
500,아저씨,4.0,3.95571,,669838.0,7091.0,2726.0,119.0,2010.0,1652,2963,7033,14076,22685,57574,113359,37375,219030,194091,이정범 원빈 김새론 김태훈 청소년관람불가 액션 한국
501,다크 나이트 라이즈,5.0,4.18383,4.0,493184.0,11337.0,2910.0,164.0,2012.0,1043,1206,4830,5295,10951,30629,53846,42509,153405,189470,크리스토퍼놀란 하인스워드 크리스찬베일 톰하디 15세관람가 판타지 미국 영국
502,웰컴 투 동막골,5.0,3.66893,,519040.0,4429.0,1184.0,133.0,2005.0,1458,2482,6782,12546,25300,55778,128133,21427,190700,74434,박광현 강혜정 신하균 정재영 12세관람가 코미디 한국
503,늑대소년,4.0,3.45183,,546333.0,3546.0,2304.0,125.0,2012.0,5893,7585,20398,24478,48253,50865,137341,17069,145619,88832,조성희 송중기 박보영 장영남 15세관람가 로맨스 멜로 한국
504,"좋은 놈, 나쁜 놈, 이상한 놈",3.0,3.46538,,453633.0,5196.0,1493.0,139.0,2008.0,2135,3790,10281,17071,35486,50570,131004,13536,138293,51467,김지운 송강호 정우성 이병헌 15세관람가 액션 한국
505,어벤져스,3.0,4.05681,4.0,607601.0,7704.0,2974.0,142.0,2012.0,1705,2293,8082,9164,19732,45081,82626,42617,188921,207380,조스웨던 로버트다우니주니어 크리스헴스워스 스칼렛요한슨 12세관람가 판타지 미국
506,베를린,2.0,3.48324,4.0,399672.0,10419.0,2330.0,120.0,2012.0,1876,3822,7858,17232,28382,51469,108951,13327,122862,43894,류승완 하정우 전지현 한석규 15세관람가 액션 한국
507,써니,2.0,3.95354,,735037.0,4765.0,2250.0,124.0,2011.0,1735,2773,7206,13479,22228,66864,119382,44691,261018,195661,강형철 강승연 김창후 손혜선 15세관람가 코미디 한국
508,트랜스포머: 패자의 역습,3.0,3.68044,2.0,434611.0,1387.0,1165.0,149.0,2009.0,3132,4465,11588,14440,29448,34273,94312,12822,126691,103440,마이클베이 휴고위빙 피터쿨렌 안소니앤더슨 12세관람가 SF 미국
509,국가대표,4.0,3.75914,,599345.0,2388.0,1514.0,137.0,2009.0,1929,3394,7782,16476,26555,60025,130039,27647,207444,118054,김용화 하정우 성동일 김지석 12세관람가 코미디 한국
510,해운대,2.0,3.29134,,606497.0,1441.0,1859.0,120.0,2009.0,9289,10270,28242,29755,65440,52145,168067,15737,152374,75178,윤제균 설경구 엄정화 박중훈 12세관람가 드라마 한국
511,괴물,4.0,3.82494,,679028.0,1920.0,2507.0,119.0,2006.0,1789,2822,8421,12377,28120,61250,132704,45887,250987,134671,봉준호 오달수 송강호 변희봉 15세관람가 스릴러 한국
512,과속스캔들,4.0,3.73748,,657743.0,2685.0,1613.0,108.0,2008.0,1980,3370,9107,17053,31241,64197,147146,27592,232534,123523,강형철 차태현 박보영 왕석현 12세관람가 코미디 한국
513,왕의 남자,5.0,3.74804,,576174.0,6457.0,1716.0,119.0,2005.0,1773,2720,8931,11836,28756,52473,126208,31277,205462,106738,이준익 감우성 이준기 정진영 15세관람가 드라마 한국
514,"광해, 왕이 된 남자",4.0,4.02419,,740618.0,8495.0,2878.0,131.0,2012.0,1780,2773,6653,13707,19218,64363,104992,51875,254822,220435,추창민 이병헌 류승룡 한효주 15세관람가 드라마 한국
515,7번방의 선물,4.0,3.97763,,718646.0,6212.0,3769.0,127.0,2012.0,7418,6659,16716,18252,32781,47612,94642,46504,183835,264227,이환경 류승룡 갈소원 박신혜 15세관람가 코미디 한국
516,도둑들,4.0,3.76309,,710614.0,4949.0,2893.0,135.0,2012.0,2414,4207,8829,20367,31241,76738,148730,34423,243595,140070,최동훈 김윤석 김혜수 이정재 15세관람가 액션 한국
517,말죽거리 잔혹사,3.0,3.37415,,284807.0,2659.0,1122.0,116.0,2004.0,1829,3355,7344,12887,25527,32512,85617,7965,81038,26733,유하 권상우 이정진 한가인 15세관람가 액션 한국
518,포화 속으로,3.0,3.30031,1.0,295020.0,1733.0,872.0,120.0,2010.0,2911,4867,11753,14956,31202,27829,86515,6797,75137,33053,이재한 차승원 권상우 김승우 12세관람가 전쟁 한국
519,스파이더맨 2,3.0,3.67278,,331860.0,2607.0,920.0,126.0,2004.0,830,1776,4077,8713,17108,35702,85251,11654,111257,55492,샘레이미 토비맥과이어 커스틴던스트 JK시몬스 12세관람가 판타지 미국
520,센과 치히로의 행방불명,5.0,4.27281,,647024.0,7048.0,3539.0,126.0,2001.0,866,1078,3894,4560,9284,34269,59920,57238,207706,268209,미야자키하야오 최덕희 김영선 성선녀 전체관람가 애니메이션 일본
521,나비 효과,5.0,4.04594,,298343.0,22950.0,1720.0,113.0,2004.0,664,792,3439,3622,8155,21522,40860,24174,105567,89548,에릭브레스 애쉬튼커쳐 에이미스마트 에릭스톨츠 청소년관람불가 스릴러 미국
522,셔터 아일랜드,4.0,3.80457,,219885.0,18106.0,2104.0,138.0,2010.0,599,829,4282,3894,10539,20787,40458,17404,77939,43154,마틴스콜세지 레오나르도디카프리오 마크러팔로 벤킹슬리 15세관람가 스릴러 미국
523,트루먼 쇼,5.0,4.22021,,428668.0,22765.0,3243.0,102.0,1998.0,695,708,3046,3291,6914,25142,41245,46248,144162,157217,피터위어 짐캐리 로라린니 노아엠머리히 15세관람가 드라마 미국
524,이프 온리,3.0,4.03853,,366089.0,21471.0,1733.0,96.0,2004.0,906,1305,4836,5549,12228,25338,53239,24528,116785,121375,길정거 제니퍼러브휴이트 폴니콜스 루시대번포트 15세관람가 로맨스 멜로 미국 영국
525,공동경비구역 JSA,5.0,3.89998,,321863.0,13833.0,1301.0,110.0,2000.0,694,900,3390,4234,9629,27473,55591,21992,131500,66460,박찬욱 오동진 은미 원호섭 15세관람가 드라마 한국
526,본 슈프리머시,4.0,4.1462,,233050.0,11009.0,1049.0,110.0,2004.0,415,428,2088,2035,4293,15706,27495,16559,82502,81529,폴그린그래스 맷데이먼 프랑카포텐테 브라이언콕스 15세관람가 액션 미국 독일
527,초능력자,2.0,2.85195,,272508.0,2429.0,1194.0,114.0,2010.0,5817,8388,21666,21128,49212,21120,83282,3237,42724,15934,김민석 강동원 고수 정은채 15세관람가 스릴러 한국
528,블라인드,2.0,3.40819,3.0,284610.0,3631.0,785.0,111.0,2011.0,1550,2868,8508,11249,26329,26360,84131,7054,83611,32950,안상훈 김하늘 유승호 조희봉 청소년관람불가 스릴러 한국
529,스쿨 오브 락,3.0,3.79351,3.0,297396.0,10288.0,1430.0,108.0,2003.0,840,1236,4372,5781,12211,30984,58886,15726,110000,57360,리처드링클레이터 잭블랙 조앤쿠삭 사라실버맨 전체관람가 코미디 미국 독일
530,500일의 썸머,5.0,3.87432,4.0,290351.0,30515.0,4145.0,95.0,2009.0,881,1279,5666,5313,12680,27087,47612,23477,96953,69403,마크웹 조셉고든레빗 주이디샤넬 클락그레그 15세관람가 로맨틱 코미디 미국
531,쇼생크 탈출,4.0,4.42741,,458522.0,26688.0,3182.0,142.0,1994.0,749,601,3589,2135,5289,15286,28854,43314,119334,239371,프랭크다라본트 팀로빈스 모건프리먼 밥건톤 15세관람가 드라마 미국
532,러브 레터,5.0,3.97103,4.0,226169.0,20212.0,2464.0,117.0,1995.0,560,737,4162,2818,8782,15123,36934,15101,73481,68471,이와이슌지 나카야마미호 토요카와에츠시 카시와바라타카시 전체관람가 로맨스 멜로 일본
533,범죄와의 전쟁 : 나쁜놈들 전성시대,4.0,3.99282,,464647.0,15638.0,2243.0,133.0,2011.0,1008,1419,5099,6578,13383,37959,69027,31844,170676,127654,윤종빈 최민식 하정우 조진웅 청소년관람불가 범죄 한국
534,악마는 프라다를 입는다,4.0,3.83566,,485522.0,12069.0,2109.0,109.0,2006.0,939,1584,4630,9278,16019,51499,97439,26902,179984,97248,데이빗프랭클 앤해서웨이 메릴스트립 스탠리투치 12세관람가 로맨틱 코미디 미국
535,이끼,3.0,3.28881,3.0,274059.0,5396.0,967.0,163.0,2010.0,1916,3245,9614,12825,30131,27166,85827,6469,72477,24389,강우석 정재영 박해일 유해진 청소년관람불가 스릴러 한국
536,리얼 스틸,1.0,3.69244,,315856.0,5589.0,1423.0,127.0,2011.0,1088,1966,5026,9465,17349,33556,71885,14244,104337,56940,숀레비 휴잭맨 에반젤린릴리 다코타고요 12세관람가 SF 미국
537,레옹,4.0,4.29233,,384705.0,31362.0,4414.0,133.0,1994.0,533,614,2792,2673,5691,19824,33805,41942,114507,162324,뤽베송 장르노 나탈리포트만 게리올드만 청소년관람불가 범죄 프랑스 미국
538,내가 살인범이다,2.0,3.53845,,309470.0,8553.0,1353.0,119.0,2012.0,2153,3498,8194,12583,22331,32122,74889,11681,95499,46520,정병길 정재영 박시후 정해균 청소년관람불가 스릴러 한국
539,말아톤,4.0,3.60102,,375039.0,2092.0,799.0,115.0,2005.0,1174,2050,5835,10014,20412,44313,100190,15177,128117,47757,정윤철 조승우 김미숙 안내상 전체관람가 드라마 한국
540,클래식,5.0,3.85321,,314513.0,15380.0,1829.0,132.0,2003.0,970,1401,5735,5904,13933,25697,60021,18274,104168,78410,곽재용 손예진 조승우 조인성 12세관람가 로맨스 멜로 한국
541,아이언맨 3,4.0,4.10486,,564090.0,7039.0,2794.0,129.0,2013.0,1198,1666,4521,8740,12696,46867,73291,37416,180392,197303,세인블랙 로버트다우니주니어 기네스팰트로우 가이피어스 12세관람가 SF 미국 중국
542,어린 신부,3.0,2.97457,,341757.0,782.0,757.0,115.0,2004.0,4791,7747,21333,21986,54695,26642,116168,3589,65017,19789,김호준 김래원 문근영 김인문 12세관람가 로맨틱 코미디 한국
543,내 아내의 모든 것,4.0,3.65453,,461916.0,8540.0,1931.0,121.0,2012.0,1717,3095,7827,14038,25019,51010,107155,18351,161720,71984,민규동 임수정 이선균 류승룡 15세관람가 로맨틱 코미디 한국
