0.5,1,1.5,2,2.5,3,3.5,4,4.5,5
7,10,14,83,50,1472,454,4509,4318,2108
1312,2238,2150,6749,6597,9397,16842,1367,9011,2459
228,316,956,1513,2367,7526,9953,7289,21200,14948
3615,4063,5424,8133,11525,6501,17566,765,7099,2340
787,1612,1329,6635,5251,13675,15493,4620,14473,4299
6464,7653,7810,9750,15110,5136,13452,717,3879,1740
627,994,895,5484,3262,16857,15539,5451,17810,7786
68,215,134,2333,892,16408,8537,13171,23202,9484
294,764,475,5541,2612,19241,13621,8633,20943,6491
268,495,398,4124,1916,23240,14162,7177,23118,4377
159,280,244,2816,1133,17798,9406,13980,26694,8572
833,1109,3363,3894,8095,9721,22115,3029,22544,8655
69,186,141,1441,691,17710,6399,20209,35774,10711
246,535,1604,3179,4844,12990,21657,6560,31673,13669
1196,2669,1647,12924,7522,26156,28380,3269,16006,2713
558,782,3799,2620,8100,9690,22607,5442,31937,16217
201,472,353,2972,1644,26814,12364,17296,42627,12108
403,544,543,3478,1960,21940,12859,19271,36988,21890
2579,4574,3428,15836,12048,23538,28387,6242,19359,6458
254,390,1390,2259,3414,13299,20407,10470,44832,30672
772,1366,4549,5349,12560,14382,38527,3664,38626,12702
179,434,323,3557,1445,30103,14994,26425,45653,19820
236,414,319,2903,1417,31166,12063,31427,52650,23687
617,1414,1039,8592,4641,37161,26216,16663,44106,19501
35355,14910,65926,16272,56686,8712,46132,1406,14679,7330
3472,5626,14338,21799,43984,61959,159911,22984,199358,103010
1275,1918,5987,8455,16750,36516,74932,28263,149635,126541
620,1089,3393,6469,10671,35734,64547,16868,120436,54447
978,1517,5044,5093,13926,18714,43671,9587,53611,26149
113,158,1300,720,2506,5159,9866,6283,22912,16182
1129,1351,4842,5813,10312,37680,54387,53312,172892,219752
2335,3642,5138,16751,16586,66545,84239,42376,155143,136038
1174,1428,6350,4390,11298,14845,28940,6265,41614,18936
587,1225,3425,7369,14084,34126,77168,11900,106702,39403
1127,2290,7440,9489,24224,27966,85256,8570,82203,32155
2285,3107,10057,11372,26109,49937,106607,47304,212636,198118
758,1046,4492,4240,9990,20103,40417,20530,83723,89828
3522,4778,4398,17958,13293,51974,48078,33657,69187,52818
142,218,174,1517,736,12081,5700,6450,14461,3773
59,80,243,330,355,1738,1142,1215,2571,732
412,489,3055,1758,5108,10359,19684,12853,47092,48779
737,1014,3258,3367,7007,11377,21699,7024,33027,23535
432,566,682,2951,2110,22818,10930,29609,48228,17550
540,755,2954,3172,6454,18714,25473,18028,58835,39818
718,935,1270,3827,3370,23133,16429,31862,52551,36094
1490,1349,2309,4766,4364,24116,16571,40299,53565,48399
502,941,1003,5231,3334,40654,22810,37065,75987,37740
461,649,3089,2662,7525,14736,35468,10963,67778,45210
547,721,946,4252,2902,28999,20105,31665,67366,44931
459,523,3318,1799,6086,9158,18620,12849,40236,33606
802,944,1311,4985,3316,35876,19027,62282,84490,75663
1098,1238,1756,5013,3820,31615,19628,71713,75827,133563
972,970,1628,3575,3185,19378,12791,36567,40930,45185
1367,1630,2511,8061,5788,44802,31808,58274,89955,88077
641,855,1311,4960,3356,34024,20294,24067,50880,20634
960,1141,1884,4404,4066,24186,16686,32808,51203,38746
1406,2508,3325,4953,8986,3143,11697,208,3095,679
73,134,438,736,1298,3735,6086,1959,9685,4237
594,954,3673,4096,9600,20345,48171,9113,85783,45785
142,252,660,1134,1783,2139,5326,265,3367,751
175,321,1410,1277,3467,7609,15470,6124,27989,12518
389,627,2083,3056,5370,14647,25900,6328,39126,17331
100,178,555,893,1481,5116,8305,2809,14661,6851
424,655,1267,979,2360,520,2689,57,945,328
2677,3934,11759,10756,26234,16747,54950,2742,35051,10645
185,351,1015,1139,2663,3157,6969,764,6405,1657
175,324,695,1346,2004,3247,7365,725,6190,1942
820,1245,3010,5197,7081,22583,27173,22404,59542,61041
5160,6439,17861,15801,35861,19361,67644,3617,44354,17608
1528,1606,3324,3025,6125,2810,9986,502,5288,2603
1210,2327,2123,11206,8699,34900,38915,12465,50366,23818
121,176,779,840,1895,3462,7213,1953,10762,7145
101,176,507,622,1203,1853,3522,614,4387,1833
2520,4330,6206,12737,17921,20903,46014,5553,39197,19884
511,1067,2464,3047,6518,2851,12120,297,4883,1484
357,606,1429,2595,3980,8084,14048,2660,16067,5788
112,201,632,1115,1676,6440,9097,4110,17346,10428
345,812,1751,3366,5533,5635,16086,1008,10586,2691
2249,1735,4493,4429,8351,11688,23368,2491,21119,6343
131,197,1132,872,2434,4105,8658,2458,14252,8729
147,339,1071,1467,3562,6110,14207,1703,15625,4847
488,874,1760,3479,5465,6671,15243,1583,14433,6114
937,1844,2768,6761,9599,9204,24015,1487,13837,3606
1091,2025,3897,5504,10371,5774,19465,1002,10019,3334
249,356,1359,1403,3352,8042,12624,3585,20221,6181
1234,2263,2714,8874,9511,17918,30599,4057,26290,9816
200,408,1454,1913,4107,9416,15844,5030,23360,9820
300,885,2007,3944,6158,8855,22162,1543,18206,5564
3513,4993,7599,12307,18488,12985,34673,1704,16685,4346
2853,3938,7749,8310,17666,10123,28275,1358,15074,3544
3665,3002,11234,5759,15653,5722,21913,807,9998,3013
7536,7724,15841,12931,27679,9232,32547,887,10862,2861
262,609,1063,3440,4384,12537,22105,3941,30841,12940
4004,5145,10807,9601,21843,6661,27555,665,9302,2616
4575,4548,13352,6062,19742,4089,20890,583,8419,3842
3981,4079,9899,8306,16481,13403,28574,2518,20210,5746
2897,3369,12791,4112,19100,1645,15099,98,3670,861
130,282,1200,1556,3465,9366,17415,5277,29659,11326
605,1472,2193,7114,9564,16011,38692,3275,29435,8124
371,712,1850,3449,6207,11705,26500,3378,26676,9036
384,581,1958,2205,4812,11003,16705,11665,34557,18377
840,1516,3699,5629,10502,10706,30305,2238,22771,6924
203,313,1605,1296,3329,7930,16202,4653,32979,19164
435,884,3537,3411,9239,7132,25210,2176,21991,8890
357,380,2110,1619,3846,9239,15892,9682,35230,29697
449,515,2208,2327,4639,13793,21084,9295,42889,16992
351,675,2364,2784,6324,10703,23987,4060,32368,13785
314,506,2383,2363,5948,9071,23790,2627,29805,11152
805,1495,3458,6086,10663,14334,33045,3676,32439,11430
1061,2209,5288,7917,16748,12279,41670,1720,22080,5842
668,1221,2413,7143,7999,28262,37369,15535,59583,29931
1654,1569,8068,3827,12058,10957,23823,7504,33385,17402
426,940,2089,4378,7964,16099,35197,5358,45553,20636
615,1533,3373,7223,11772,15970,40825,3364,35767,12576
2209,3785,9344,10932,23672,12812,49232,1459,23126,6068
3482,2071,10528,5646,14700,12293,34273,3585,31879,16727
741,1134,4484,4712,10343,13838,33013,4844,38535,15597
421,748,2448,3854,6761,15956,34311,4969,48126,19556
1161,1466,5623,5401,11883,17014,34081,8316,44825,22929
475,1083,2863,6077,10237,25520,54740,6100,62156,20375
475,1172,2705,5895,10203,25655,54029,6643,65637,25467
416,670,2967,3359,7016,14372,31677,9495,52979,38136
1800,2743,7436,9182,20120,21334,59400,4584,53712,17030
420,697,2250,3650,6757,18012,36152,10938,68713,39255
779,1501,4649,7082,14348,24691,57846,7590,66618,28512
1101,1761,5551,6988,14839,22866,51046,8335,68442,32595
1354,2550,6826,10277,19788,25984,61824,8623,64977,29892
1083,1795,4355,7602,12890,27703,60254,11814,90487,58627
535,914,2745,4504,9382,25743,52117,15961,100928,68043
794,1262,3970,6087,11854,30730,62354,13810,105412,52453
851,1642,3731,8242,13347,37281,70299,18113,123546,80531
551,756,2783,3533,7091,23204,44202,24705,115418,106649
970,2323,5828,10638,22149,32115,86933,8999,96816,49397
671,1246,3488,6103,10714,36582,63177,23233,132362,83633
812,1589,3983,8131,14046,45216,88537,18269,155592,68773
866,1317,1674,6316,5280,36601,30361,26625,76109,44797
428,445,2482,1936,5021,13886,25225,22542,75697,76740
3093,5979,13671,17565,38591,21984,74076,3173,33971,10314
2783,3423,6730,9856,16050,18456,38329,5103,34288,15168
1394,2315,4237,11214,14563,44917,67082,18499,104420,46071
1430,3194,4079,15516,15924,47596,75131,12406,87296,32192
2014,3518,6553,16634,22514,58562,95649,19290,128247,47546
10821,12915,23200,32443,51857,49604,117247,14406,102370,68129
1993,4218,5647,21120,21956,72175,108878,28348,158930,68800
963,1590,5416,5217,13293,10565,35225,1933,25607,9295
2196,2364,5965,7266,12637,31288,44082,39484,95696,98258
2733,1546,4781,7081,7381,45914,46054,60480,152660,197260
1154,1674,2360,6383,6488,25553,25493,18837,48599,29373
1684,2903,3149,7816,8278,10324,18165,1883,11070,3508
64,136,343,825,883,2390,3792,363,3116,501
1037,1738,2188,4739,5674,6473,13525,1265,9976,3363
875,1211,2417,5587,6228,36312,37333,59340,120601,180046
397,635,912,3026,2659,10008,11839,4488,17307,8492
683,1084,4256,4358,11623,11143,34068,2318,31717,11587
146,298,1230,1987,4088,9132,20653,3643,28220,9652
892,910,4176,2580,7409,10509,22367,7265,38338,21586
710,1377,4031,4938,10915,7819,26128,1389,17453,4926
627,1300,3465,5814,9564,16510,32880,4826,36605,13400
544,1158,3124,6211,10868,21236,49148,6783,58424,20914
1759,2443,7028,8513,17793,18632,49106,5395,49502,21655
1447,1946,7289,5035,14278,6921,23132,1381,15209,4875
508,989,2993,4540,7491,15488,29589,5432,37986,16614
120,181,1463,803,2349,5756,8660,4872,19978,12810
501,977,3489,3717,10322,5617,25816,819,15308,4741
1450,2355,6826,7675,18420,13693,44787,2218,31154,9339
974,1075,4642,3202,8215,8473,18991,3116,22535,10593
2212,4257,9703,12823,28148,19001,64014,3119,42163,12808
340,270,2858,783,3064,3704,8584,3550,18465,21680
655,947,3187,3371,8202,13194,27744,7054,41047,22550
160,330,1788,1486,3347,6622,11817,3392,18903,10032
448,743,2464,3700,7259,16871,35850,6245,54104,27611
3285,4130,13172,10743,28545,23717,62381,8282,55504,18401
774,1205,3333,4789,8179,16403,28585,7102,42447,24137
527,885,2940,4572,8498,20294,40635,9844,62362,32229
3234,4692,14500,10693,28075,10405,41897,1174,18731,5048
347,420,2791,1761,5634,8794,19640,6539,31280,16105
448,706,2410,4161,7662,24004,48750,9280,81196,45658
671,854,3806,3593,8807,14088,34765,5997,51062,34143
4576,3875,15363,8515,22830,16307,43684,5172,38943,18298
351,361,2359,1333,3589,10389,17293,16840,59361,68351
618,1204,3477,4930,10339,9776,32512,2471,28856,14132
7009,6624,19579,16727,36507,33573,89463,13648,103656,92138
122,196,1533,853,2869,5135,9515,3163,17457,8006
1346,2255,5507,7513,15334,15957,44156,3846,40407,14388
485,1132,3396,4834,10246,10945,31365,2125,24822,8326
2401,4214,11252,11873,28276,16851,59610,2289,34518,10695
2002,3415,8323,9622,20772,13367,45587,2536,27774,11433
10034,10134,34190,19020,55424,16299,81644,3217,45254,24370
603,915,3233,4707,8567,27569,49420,20650,110151,85830
686,1102,3252,5407,9834,31679,60537,25588,138958,120866
976,1571,4794,6712,12545,27157,44753,14015,66652,40009
291,386,2212,1724,4668,9466,19797,6202,35404,20334
1725,2914,7316,7763,18406,10249,36027,1890,24357,9708
1037,2236,5598,8911,18693,22530,59357,7141,57697,23513
2244,3023,10261,10582,23784,31383,75239,9900,92049,42563
959,1757,5287,6033,14824,10840,37246,2204,28568,9560
587,797,4034,3126,7874,12638,28798,3975,39559,14885
1420,1511,7802,5041,14840,14435,42951,3576,44638,20491
1942,1190,8392,3498,9364,13049,28222,7888,47302,36063
351,629,2569,3486,6842,14539,31997,6179,45453,23168
519,940,3053,5329,9400,27264,55301,12464,94988,47219
328,368,3132,1309,4805,8172,18184,10362,48174,45792
6499,2753,21484,6204,20216,19178,50172,13937,77282,61425
555,1042,3552,5974,12139,18584,46576,7329,61106,27636
1061,976,5407,3657,9617,14918,33865,7897,57674,39765
1266,2187,7208,7465,21116,16414,56200,3284,44064,14620
1881,2516,9305,8019,18700,25223,55691,13031,90766,65251
1218,2775,6633,11582,20684,28095,61786,13155,79143,46103
3117,3377,16197,9320,30276,22183,64315,7589,61801,22922
711,1108,5370,4051,12926,13820,40037,5927,51890,25217
1113,2122,6691,9336,20997,30300,82737,8716,90715,31364
492,672,3712,3141,8830,18300,40288,13122,83840,53851
792,1502,5881,7281,16629,31536,73450,14330,111723,62842
289,500,2203,2621,6080,11098,27029,3026,30533,10828
940,1462,2410,5928,6582,26558,30283,14255,53771,30891
1661,341,2531,124,793,38,242,11,50,57
98,317,549,1244,1861,1942,5099,272,3219,890
223,565,960,1931,3298,3399,9652,567,6758,2231
541,964,1745,3249,5136,4719,12659,930,8652,3147
144,266,867,1036,2291,2756,7180,624,6656,1523
198,485,978,2218,3637,3509,11219,445,6966,1915
3261,4751,7575,10926,18766,11631,32820,2082,18240,7483
71,159,523,987,1890,4030,8542,1095,9063,2120
702,802,2342,2198,4522,5531,12237,2040,14716,9815
581,1617,2911,6823,11563,11761,34102,1774,21809,6027
578,1152,2389,4604,8217,14804,32449,4918,49203,23956
228,354,1599,1564,3576,9134,18279,3434,31101,12942
168,279,1427,1316,3499,5462,13320,2148,15846,5600
192,413,1297,1956,3740,6686,16697,2016,21039,11999
266,592,1843,2510,5565,7126,18837,1637,18396,5522
305,591,1717,2813,5226,8881,20937,2670,24891,11937
412,646,2080,3175,6065,13892,30222,4968,46867,25631
1062,1187,4822,3334,8541,8535,21096,3347,25776,17476
4423,5027,15716,8774,26423,6366,32083,835,13165,5161
443,718,2482,3442,7083,11439,29402,3973,38962,24299
337,550,2117,3263,6235,21868,39063,11186,83079,46172
1062,1570,4152,5816,11218,11228,30840,3227,31319,15987
592,933,3383,3290,8683,9018,26200,2451,29063,14418
1334,2542,7199,7914,20871,12024,47406,2463,33258,12436
4710,6261,18140,15515,39288,19817,72791,2684,41369,12167
1040,1343,6406,4460,13673,18378,43303,13797,74836,47167
483,725,3771,3269,8917,14600,37521,6352,56720,31083
829,1122,2164,4951,5833,23248,27169,13236,51827,31684
3193,2979,4722,2783,6475,983,3977,120,870,311
425,621,772,3724,2412,18398,13730,11070,26978,14557
267,373,924,418,1839,183,1368,20,372,77
333,486,1254,497,1986,125,1197,11,266,82
95,153,628,609,1693,2182,6279,764,8119,4104
416,605,1885,1672,4288,3636,11018,1142,12172,5466
1042,1570,5263,8259,14327,38596,79718,19206,127502,98688
844,1318,4107,6584,12273,37118,71414,22672,152547,114468
867,1565,4534,7888,15482,41481,90523,16575,146969,76895
1319,2555,8019,7677,21677,9403,45733,1423,25860,10472
541,779,2849,3972,8416,27982,51480,18486,110929,74279
1525,2560,5882,9271,17318,22961,61581,7051,72778,41407
791,1996,4656,8194,16832,14629,50544,2696,38499,13741
1029,2502,5688,11941,23586,26300,80392,5272,68831,25211
545,777,3416,3428,8794,20949,42701,18223,92983,61354
1478,2232,9040,10381,23229,33888,89694,13518,115309,92558
1254,2751,8670,13502,29743,54278,122449,25304,170146,96428
322,461,1165,484,2002,205,1533,16,377,65
804,1587,2245,3573,6349,2850,9383,350,3693,978
1041,1206,3595,1366,5176,701,4440,80,1581,506
999,1148,2866,2465,5256,4200,10433,1935,10382,6784
310,654,2180,2690,6254,7370,19571,2527,19274,7097
496,1050,4420,3198,9500,4307,20117,683,11009,3767
272,461,2569,2180,5578,9601,19541,6146,29628,17984
937,1412,5037,4742,10854,13241,33071,6226,42346,28215
676,1011,4366,4585,12245,18817,52023,8729,75963,41602
822,1101,5393,4016,11479,16596,40739,13260,71663,65909
42,78,421,420,878,1331,3518,329,3707,1072
100,196,658,1035,2018,3098,6885,1006,7895,2424
5373,6934,18924,12551,33577,9874,39826,1439,16838,5807
4689,6422,16578,15255,35044,19926,67570,4697,47113,22242
243,702,2294,3644,7332,10206,26083,1884,21955,5301
724,1158,3995,5277,10541,15576,34495,4923,36400,12982
360,499,2952,2283,6689,9270,22634,6542,33243,19798
581,567,2778,2628,5893,21145,36866,27075,117997,102112
324,396,2623,2030,4788,12245,19876,8897,38057,19929
1532,2733,8508,9128,22869,15500,52786,3983,43809,16532
4054,4676,20179,10318,35864,12025,58259,2634,39045,20309
524,747,4565,3561,10375,18814,42932,11162,78580,41898
1527,2701,4950,14099,16756,66892,88687,35320,160974,73378
111,182,1202,833,2234,4549,8945,2877,16588,7862
1181,2846,4895,12631,21073,27955,70146,6609,65740,25653
148,291,1393,1261,3616,6894,14192,4272,25425,11732
1028,1319,4822,4662,11537,20371,38363,19329,76006,50326
849,1028,4328,3841,9684,8575,22726,2951,23272,10245
1210,1563,2939,2464,5582,1740,6276,216,2354,720
901,2046,5144,9385,16585,24708,52663,7402,49353,24738
207,344,982,822,2082,874,3476,162,1922,901
2396,2012,6281,2590,8486,1414,8524,128,3065,928
1666,2224,3925,4317,7599,3167,10866,446,4101,1532
288,561,2032,3416,6295,13240,25718,3554,30097,8334
730,1339,1872,3835,5814,2874,9108,317,3861,899
482,961,3364,5486,11430,27109,52436,13185,82530,35433
1498,1860,4755,2979,8409,1689,8467,154,2996,798
4514,2823,8046,3841,8484,3091,9982,603,4749,2633
4623,3850,7983,5638,11307,4200,13534,577,6021,2237
3657,4589,9147,8958,19576,6338,24014,699,8178,2194
1544,3193,7844,13207,25326,29300,76022,7567,69791,37697
2972,4411,6405,13087,17231,22602,43937,5275,35124,13356
4360,5514,15647,9522,28774,7242,37099,990,16669,6575
535,1105,1875,2906,5952,2544,9767,245,3477,797
4164,6295,16427,18565,42308,25362,85441,4827,47759,15982
4628,3961,13543,9505,21187,18155,50448,7420,58202,58897
600,1159,2401,5509,8228,17768,31259,4950,33597,10390
985,1622,5843,5026,12566,12215,29658,5054,29058,12551
832,1305,4454,5366,11127,25553,48281,21670,99658,74111
159,232,765,705,1753,2535,4890,833,6065,1620
1298,1700,5901,6986,16375,34513,65558,21634,112597,50563
117,140,1235,679,2082,5069,8491,5957,19881,11637
404,585,2541,2241,5399,9506,18402,7115,30537,16650
230,328,1554,1542,3807,9213,18717,6107,34028,15487
156,287,1791,1559,4206,8309,17213,4206,27756,10441
202,268,2201,1141,4211,7302,15370,6867,31050,16091
494,652,2527,3394,6830,24030,37440,17680,89429,45940
1156,1740,7022,6315,16277,20523,53876,13155,86159,72781
332,563,1812,3646,5477,19374,28887,11324,59071,34581
1064,1973,3163,8912,10646,30419,45172,9784,60075,29947
278,507,2037,2300,6244,10160,26653,3025,32105,9364
350,660,2171,3112,6433,17306,34239,8687,67576,29752
276,365,1476,1925,3928,17772,30771,14587,91244,65802
389,943,2490,4922,7854,17443,35213,5886,46077,18250
257,330,1155,1288,2454,8412,10796,10716,29022,18982
694,1202,3688,5456,11426,24772,50285,15423,90565,56807
943,1447,4105,4481,9384,8019,19819,3397,18212,8660
1774,3477,5125,14406,17676,38677,62680,13628,75206,33941
1247,1193,6516,4519,13570,24173,55266,38099,137720,143806
1547,2242,5198,7989,14666,13999,38101,2538,26421,7708
619,1109,3302,4214,8733,8828,24212,1996,19951,6093
917,1838,5139,9116,18027,30646,75167,11970,103712,60256
829,1812,4594,7831,16394,15857,52474,2202,37739,9967
1246,2047,6684,7645,17938,18994,56617,5528,62533,29748
1231,1675,6674,7739,17092,39458,84456,25448,158380,134670
304,436,1535,2581,4676,16887,29990,10124,66684,31651
567,936,2890,5305,9839,34581,64526,18022,136895,75453
1287,1288,3875,4165,6942,13426,22915,6517,36346,22951
265,359,1064,1483,2370,6615,9560,4219,18547,11627
154,202,1317,1057,2658,9119,16130,5182,35775,16252
104,169,1038,890,2037,6723,10949,6279,26696,15965
723,872,4951,3263,10121,16981,36031,27477,83660,99379
1319,1979,6953,8631,17958,42021,80034,39152,177152,173347
1034,1429,4428,5537,10331,26591,45174,21327,99255,96589
305,427,2078,1803,4372,10207,18543,7597,36668,22707
538,862,2911,4295,9152,16766,41344,12179,72282,66444
944,1181,4509,5482,11709,30742,64490,29064,155289,142256
594,1061,3361,4573,9324,27502,48107,31350,112075,101577
720,1008,2675,4103,6386,17989,27235,14873,53356,42280
774,1141,5078,4630,11953,22164,47349,26216,101093,101763
556,926,2842,4323,9663,19621,45325,13280,84889,67836
1032,1599,5414,7881,16206,45479,94380,31623,203987,159312
574,796,2506,4365,7226,33115,48677,34208,135556,99986
693,762,4791,3019,9541,19382,38286,29112,103179,96940
126,211,1406,926,2681,7007,12362,7272,27048,19708
121,136,621,497,1140,3574,5496,4551,15125,14107
375,528,1850,3209,5848,26364,43572,22589,116388,66107
187,230,1362,1013,2529,7110,11668,7684,27615,21804
832,1189,3702,5697,10566,35681,60970,34154,152720,118903
290,359,1947,1608,3712,11697,20207,13640,54812,41328
774,906,3446,3737,7920,21949,40465,21740,98905,88078
559,588,3099,3002,6341,19183,32015,21644,83127,74661
121,139,867,483,1469,3780,5596,6844,17324,15567
736,1041,3586,4618,9728,28332,55722,27035,133502,111962
609,692,3680,2505,7508,15585,34289,22226,93439,96153
1115,1361,4251,4957,9519,25010,37694,32502,87366,76531
977,1196,4645,6219,11451,42507,72667,38092,206135,210245
636,545,3149,2040,5354,15502,26961,27627,89067,110659
461,467,3261,1745,5785,11734,22579,21577,63830,74555
530,569,2450,2364,5108,17292,31611,21919,94908,92727
597,573,3201,2784,6563,19787,36344,20765,106303,108454
2026,2121,8404,7329,16272,33252,60354,50171,154591,224722
252,171,1620,563,1951,2620,5932,3199,13624,17817
576,544,2633,2239,4892,16262,28381,31251,104163,143215
676,497,3202,1959,4694,11282,22444,31120,80206,166213
674,852,3576,3588,8900,22035,47903,33448,132079,161395
1517,3440,8220,14774,28603,27042,79344,6737,61259,28614
747,1598,4505,7109,15374,17569,48357,3776,41363,13663
1274,2516,7068,10924,22244,25931,66725,6644,57995,19656
598,949,3742,4478,10254,23374,48571,16570,95674,50189
1290,1734,6420,6463,14229,27181,49005,14642,82378,56442
894,1766,5070,8787,17973,28189,71620,11229,92058,55472
2313,4275,9472,19306,33482,51592,133367,11873,133551,48544
1196,2349,5303,12134,20021,43104,88006,21308,158748,137669
8528,9997,29091,26259,61920,29458,119447,4865,66512,25033
1140,2166,6076,10762,20579,49670,109556,19672,175952,88563
2247,4043,10122,15289,31681,31981,93932,9123,88533,37951
2693,2406,9841,10492,21863,35048,86590,15926,116944,62330
3448,2532,13296,8434,21901,28555,66325,17557,107109,73498
937,2065,4489,11897,19252,47066,99672,18368,137147,57637
851,1470,4534,6342,14365,23219,61617,7800,83417,38845
3915,6384,14005,17711,36019,25800,85172,5441,66950,31808
1011,1866,7072,6408,18872,9581,44582,1165,24110,5549
828,1549,4980,6125,14290,12052,39576,2372,28520,7764
1368,2502,8431,7489,22493,11973,51199,1568,33468,9044
417,1099,3142,5058,10868,10600,35935,1921,27604,7782
1314,3477,5265,13273,21181,24971,59114,6188,52054,26580
2009,3144,9117,7443,21778,7134,36976,810,16486,5964
254,661,1473,2883,5349,5144,15962,842,10516,3023
2360,3912,11339,8486,26942,6103,38028,780,13748,6564
1989,3997,9666,16577,31788,33460,102027,7327,87937,32965
613,913,3371,4421,9301,28031,51310,24844,116710,79137
1961,2886,9659,7325,20436,8494,39034,1265,20845,6405
1387,2164,7857,9722,22027,32414,84660,9616,97612,35158
1010,1750,6508,7172,20211,24673,68249,11875,76990,29532
2753,5028,12449,16898,35529,29346,94560,5923,77567,31231
2589,3640,9473,11854,23719,29411,74247,15196,99472,77476
2409,4170,11565,13839,30415,30833,83881,10950,84486,43923
1321,1890,6665,9987,18294,36188,84004,14754,114780,92384
1349,1682,7099,6704,16416,35396,75933,32174,161435,170203
5825,7801,21072,18959,50559,17265,85710,2303,36819,14399
1515,2862,8509,9753,23295,13566,53535,2129,32345,10204
1520,2543,8136,10333,23253,27111,82344,7091,78244,31726
2461,4481,10878,16397,31059,27844,88809,5771,67333,23516
1100,2171,5308,11145,19845,32222,85054,10184,99960,58375
4905,7890,21657,23160,57763,30874,131537,4249,77494,23786
1203,1045,5425,4993,10855,36212,61362,44011,209243,193311
905,1503,4799,8028,14753,34049,76455,18459,136148,105464
1095,1134,5860,4210,12084,22580,51302,25916,121204,139314
668,790,3526,3769,8881,29722,61172,54869,200584,290872
2967,3421,16360,6294,26382,6467,37576,731,20278,5205
415,724,2355,4451,7965,26810,55042,13092,105210,58643
1066,2505,4929,13044,21154,44172,102333,10859,112590,37325
3205,4572,11707,12999,26963,22383,65138,6292,56692,29357
1029,1397,4894,6296,12728,37583,72187,42457,194552,178670
2102,2495,8575,9226,18832,39843,69309,40543,141971,157031
1097,1240,5343,4775,12198,27057,56787,67453,176077,329120
3950,7335,18869,27105,58579,50842,162763,11155,129041,52901
2354,3551,8696,15091,27650,50748,113286,19304,156453,70238
2454,2834,9318,10007,21965,40146,88064,27999,178142,166031
568,889,3140,5609,10022,36958,64468,22227,145229,86638
5155,6281,17557,17394,40058,30178,101756,10829,118686,106789
1807,3380,10445,10207,28714,12146,59417,1427,32062,9297
2332,4431,8660,11649,24145,11101,43707,1305,17596,4198
1750,2928,7476,11510,21556,35296,74257,11101,78239,31894
496,905,2176,3488,6278,8330,20308,2391,18923,7633
1486,2356,6002,8063,15451,15859,44124,4720,39419,19070
6039,9523,23786,22698,52351,23450,90296,3163,43081,13390
590,576,2944,2625,6233,17874,34826,20776,100119,108730
401,989,3087,5474,10958,22994,55656,8682,75668,33656
1440,1864,6738,7497,15872,30713,67048,17955,121460,85326
1503,2570,8438,8152,23439,15136,56781,3013,50392,21488
2951,5783,13890,25860,50662,62480,185491,14802,179537,68548
1233,1621,6748,7216,16109,29988,68095,22479,117669,120910
6200,5916,19513,13350,34811,20794,71232,6664,67326,59203
617,1405,2906,7553,13074,31338,67954,10194,99446,50476
1367,2106,6501,8344,18641,27238,69558,14607,100181,67479
1135,1906,5077,7726,14922,21257,58014,8019,78144,50329
710,1478,3716,7938,14078,30224,65697,11300,92216,40285
2046,3310,11076,8135,26286,8562,44937,929,19937,4958
810,1437,4710,6533,14485,20186,55083,6929,64848,26730
1765,3068,8106,9245,21359,10784,45311,1402,25576,7997
5035,4718,13582,11133,24139,19493,57661,6726,59188,54669
2389,3493,12643,9715,29597,18253,57335,6985,41282,15631
903,1815,4476,8240,15694,26515,62224,10246,84128,49967
768,1380,4297,4954,11701,9227,33670,1985,25317,9804
810,1212,3560,6790,9885,41272,64469,36431,177774,161952
11691,4643,27785,3606,19770,1505,12434,127,3262,1147
2547,1326,11235,1567,8706,1205,8660,182,4092,1806
849,1260,4270,6018,11534,38635,67738,49771,200281,241354
1388,2371,9240,9004,25068,26103,72305,6352,67941,19121
2732,4211,9887,13953,24982,30795,79820,10418,89648,52723
1233,2391,6567,11670,23664,37857,91979,13859,111891,50808
1520,2551,6207,10947,20384,32030,78362,12611,93701,52620
2742,4109,13227,11398,28346,16272,57359,2790,37956,12777
3473,5226,12905,12631,30132,12181,52360,1423,23059,6613
5149,6809,21595,12107,41009,7511,48434,1117,19064,11367
2294,1974,10874,2424,11614,1543,12501,156,4559,1562
3048,5768,14707,21668,46945,43401,143152,9588,122528,45733
4942,3923,12249,9128,19566,19253,47668,9336,61383,65258
666,1533,4028,9550,16819,38726,90918,11944,120299,50011
1252,1768,6389,8544,16135,33381,71666,16768,109264,96076
976,2276,5376,10056,20762,20440,65778,4395,54182,18128
4279,6782,15951,16806,42049,18548,82194,3080,44029,19876
1428,1982,9550,6934,23294,26082,71763,13216,85645,35548
8613,9764,29830,22632,56660,24693,97289,4324,61267,26241
1083,1930,5168,9544,16891,30515,72560,12911,109766,81410
584,1214,3193,7469,12313,38345,72485,17411,123842,47309
1221,1764,6264,9101,16788,37631,83216,17778,127363,100923
1202,1256,6398,4574,12785,23963,53262,27965,123927,140869
4240,7025,19592,22416,51750,33274,128972,5537,87580,30359
6031,6094,22036,11816,38023,12028,59923,1881,35625,15021
1611,2695,7978,5224,17459,3172,20102,300,6348,1686
1043,1173,5123,4463,10993,23660,51755,47656,148340,281824
1419,3285,8618,16162,33362,48925,130682,11524,120836,45151
893,1429,4599,7441,13954,36906,77279,19370,147910,106501
2710,2919,11572,12423,27399,42216,107641,16536,133581,66059
2897,4927,13373,17560,39823,32867,107866,6798,82527,29793
1522,2599,6969,11974,21753,40773,88534,14427,113389,64259
1479,2327,7650,10449,23106,44037,106828,22995,184654,118323
3329,5344,15236,16870,39005,25588,89167,5577,63409,28173
1546,1801,12635,4288,18546,4781,31658,439,16747,3778
2972,3068,18355,4736,23289,3631,26537,267,10722,2922
3263,3825,16085,8455,28574,7748,42357,759,16999,3944
868,964,4636,4010,10068,27600,54166,40152,159996,142023
1151,1126,6570,3971,12171,20815,51167,28800,120551,168484
499,807,2942,4044,9780,22697,52934,9642,91123,34842
1587,2067,7865,7182,19400,26033,71911,16011,118161,93436
1882,2505,9172,10003,24094,38245,98040,18338,152691,80465
1614,2352,8362,9718,24051,42770,102782,30803,190456,146026
1652,2963,7033,14076,22685,57574,113359,37375,219030,194091
1043,1206,4830,5295,10951,30629,53846,42509,153405,189470
1458,2482,6782,12546,25300,55778,128133,21427,190700,74434
5893,7585,20398,24478,48253,50865,137341,17069,145619,88832
2135,3790,10281,17071,35486,50570,131004,13536,138293,51467
1705,2293,8082,9164,19732,45081,82626,42617,188921,207380
1876,3822,7858,17232,28382,51469,108951,13327,122862,43894
1735,2773,7206,13479,22228,66864,119382,44691,261018,195661
3132,4465,11588,14440,29448,34273,94312,12822,126691,103440
1929,3394,7782,16476,26555,60025,130039,27647,207444,118054
9289,10270,28242,29755,65440,52145,168067,15737,152374,75178
1789,2822,8421,12377,28120,61250,132704,45887,250987,134671
1980,3370,9107,17053,31241,64197,147146,27592,232534,123523
1773,2720,8931,11836,28756,52473,126208,31277,205462,106738
1780,2773,6653,13707,19218,64363,104992,51875,254822,220435
7418,6659,16716,18252,32781,47612,94642,46504,183835,264227
2414,4207,8829,20367,31241,76738,148730,34423,243595,140070
1829,3355,7344,12887,25527,32512,85617,7965,81038,26733
2911,4867,11753,14956,31202,27829,86515,6797,75137,33053
830,1776,4077,8713,17108,35702,85251,11654,111257,55492
866,1078,3894,4560,9284,34269,59920,57238,207706,268209
664,792,3439,3622,8155,21522,40860,24174,105567,89548
599,829,4282,3894,10539,20787,40458,17404,77939,43154
695,708,3046,3291,6914,25142,41245,46248,144162,157217
906,1305,4836,5549,12228,25338,53239,24528,116785,121375
694,900,3390,4234,9629,27473,55591,21992,131500,66460
415,428,2088,2035,4293,15706,27495,16559,82502,81529
5817,8388,21666,21128,49212,21120,83282,3237,42724,15934
1550,2868,8508,11249,26329,26360,84131,7054,83611,32950
840,1236,4372,5781,12211,30984,58886,15726,110000,57360
881,1279,5666,5313,12680,27087,47612,23477,96953,69403
749,601,3589,2135,5289,15286,28854,43314,119334,239371
560,737,4162,2818,8782,15123,36934,15101,73481,68471
1008,1419,5099,6578,13383,37959,69027,31844,170676,127654
939,1584,4630,9278,16019,51499,97439,26902,179984,97248
1916,3245,9614,12825,30131,27166,85827,6469,72477,24389
1088,1966,5026,9465,17349,33556,71885,14244,104337,56940
533,614,2792,2673,5691,19824,33805,41942,114507,162324
2153,3498,8194,12583,22331,32122,74889,11681,95499,46520
1174,2050,5835,10014,20412,44313,100190,15177,128117,47757
970,1401,5735,5904,13933,25697,60021,18274,104168,78410
1198,1666,4521,8740,12696,46867,73291,37416,180392,197303
4791,7747,21333,21986,54695,26642,116168,3589,65017,19789
1717,3095,7827,14038,25019,51010,107155,18351,161720,71984
